,Topic,Count,TopicLabel,WordScore,Sentiment
0,-1,15,-1_travel_amp_health_safe,"[('travel', 0.031758777281152895), ('amp', 0.027409844733879613), ('health', 0.027409844733879613), ('safe', 0.02285332055621106), ('get', 0.02285332055621106), ('live', 0.0180357535097813), ('covid19', 0.0180357535097813), ('country', 0.0180357535097813), ('covid', 0.0180357535097813), ('brexit', 0.0180357535097813)]",negative
