,Topic,Count,TopicLabel,WordScore,Sentiment
0,-1,4,-1_nature_nature health wellness_rurallife_unesco heritage,"[('nature', 0.11537219586702947), ('nature health wellness', 0.09115030492129775), ('rurallife', 0.09115030492129775), ('unesco heritage', 0.09115030492129775), ('travelenjoyrespect rurallife', 0.09115030492129775), ('rurallife wildguide', 0.09115030492129775), ('unesco', 0.09115030492129775), ('responsibletourism sustainability ods', 0.09115030492129775), ('unesco heritage travelenjoyrespect', 0.09115030492129775), ('wellness', 0.09115030492129775)]",positive
1,0,26,0_health_bonus_lisbon_covid19,"[('health', 0.026011927452905457), ('bonus', 0.025809666859875475), ('lisbon', 0.023528691221657457), ('covid19', 0.021511990144882656), ('travel', 0.020587604818950275), ('portugal', 0.016172429131156105), ('holiday', 0.016172429131156105), ('care', 0.016172429131156105), ('also', 0.013496370082558162), ('jobs', 0.013496370082558162)]",positive
2,1,11,1_amp_health_workout_zumba,"[('amp', 0.09228350625826476), ('health', 0.057664794128223486), ('workout', 0.03831411930015231), ('zumba', 0.03831411930015231), ('message', 0.030092196784455724), ('chair', 0.027618054609095853), ('exhibition', 0.027618054609095853), ('opt', 0.027618054609095853), ('equity', 0.027618054609095853), ('covid19', 0.02201033740692627)]",positive
