,Topic,Count,TopicLabel,WordScore,Sentiment
0,-1,48,-1_support_health_amp_healthcare,"[('support', 0.029226576049957192), ('health', 0.029026236416983563), ('amp', 0.02763692679245805), ('healthcare', 0.022831223872178886), ('benefits', 0.015042529679532651), ('seats', 0.014400341619950853), ('services', 0.014393108755995816), ('dental', 0.012897187613110563), ('public', 0.012104491751437059), ('people', 0.011617443884448273)]",neutral
1,0,60,0_mental_health_mental health_support,"[('mental', 0.051871877502743094), ('health', 0.049706461853532), ('mental health', 0.04965640482494273), ('support', 0.03579532644254461), ('services', 0.016614388188797208), ('mental health services', 0.015354472922632987), ('health services', 0.015071299408112748), ('care', 0.013013765219087736), ('people', 0.012894573751202136), ('amp', 0.012854332592530611)]",neutral
2,1,25,1_covid_support_shouldnt_shouldnt go,"[('covid', 0.041741357451622614), ('support', 0.03862269436090509), ('shouldnt', 0.03246283908290645), ('shouldnt go', 0.03246283908290645), ('shouldnt go hospital', 0.03246283908290645), ('go hospital', 0.03246283908290645), ('go', 0.03206187482977954), ('hospital', 0.031185463970451136), ('covid19', 0.022263902749071914), ('better', 0.018553252290893264)]",neutral
3,2,14,2_support_would_financial_yall,"[('support', 0.04472246391594286), ('would', 0.031304396592634454), ('financial', 0.03089502905259365), ('yall', 0.025615831472273285), ('income', 0.025615831472273285), ('small', 0.022822359597679687), ('healthcare', 0.022615019100662045), ('small business', 0.02008230046339346), ('business', 0.02008230046339346), ('voters', 0.02008230046339346)]",neutral
