,Topic,Count,TopicLabel,WordScore,Sentiment
0,-1,16,-1_care_amp_gift_package,"[('care', 0.04343840631693651), ('amp', 0.029848988500181084), ('gift', 0.029848988500181084), ('package', 0.024906932192316943), ('hospital', 0.024906932192316943), ('one', 0.024906932192316943), ('care package', 0.024906932192316943), ('frontline', 0.019675092667057057), ('packages', 0.019675092667057057), ('people', 0.019675092667057057)]",neutral
