,Topic,Count,TopicLabel,WordScore,Sentiment
0,-1,41,-1_care_health_covid19_gifted,"[('care', 0.03621208717129996), ('health', 0.02425475749776418), ('covid19', 0.022251700805448717), ('gifted', 0.018042250630852498), ('home', 0.017736481728503367), ('package', 0.01653567396598649), ('day', 0.015791806715096623), ('gift', 0.015212831716933599), ('hug', 0.015050735380991049), ('care package', 0.014842935014274111)]",positive
1,0,78,0_gift_health_christmas_vouchers,"[('gift', 0.04662390374443314), ('health', 0.023229803217321956), ('christmas', 0.022004393112770904), ('vouchers', 0.021827631480022407), ('amp', 0.017820692968015913), ('voucher', 0.017737856161071815), ('gifts', 0.016238718665025537), ('one', 0.01447053634247114), ('gift voucher', 0.013375780380684236), ('gift vouchers', 0.011914114048647978)]",positive
2,1,45,1_care_covid19_packages_care packages,"[('care', 0.03590851278782799), ('covid19', 0.03564371935560961), ('packages', 0.03500490611576205), ('care packages', 0.03500490611576205), ('thank', 0.025210392451591176), ('surprise', 0.024902979790494974), ('covid', 0.02414467982636924), ('hospital', 0.0221083617573234), ('covid 19', 0.019474976045289652), ('19', 0.019474976045289652)]",positive
3,2,33,2_amp_frontline_care_today,"[('amp', 0.056244827299754274), ('frontline', 0.033993735837967845), ('care', 0.022417650974083263), ('today', 0.016996867918983923), ('hospital', 0.016431225694138886), ('got', 0.016194694801451172), ('door', 0.015239279745657877), ('safe', 0.015153371654391973), ('health', 0.015082314158322653), ('im', 0.014705414089987436)]",positive
4,3,24,3_nurse_day_gift_nurses,"[('nurse', 0.038489461355481897), ('day', 0.03725246712279204), ('gift', 0.035886679947638236), ('nurses', 0.028282509774735218), ('team', 0.02353494690897562), ('happy', 0.022824192116228187), ('happy international', 0.02241246181925385), ('happy international nurses', 0.02241246181925385), ('international nurses', 0.02241246181925385), ('international nurses day', 0.02241246181925385)]",positive
