,Topic,Count,TopicLabel,WordScore,Sentiment
0,-1,7,-1_care_one_amp_michel,"[('care', 0.04194185939921764), ('one', 0.0341745736187875), ('amp', 0.03338411119397384), ('michel', 0.029006082752703145), ('hour', 0.029006082752703145), ('gifts', 0.027183259757783598), ('winner', 0.025890988108436826), ('times', 0.025890988108436826), ('work', 0.02488942765374677), ('next', 0.0240717471972977)]",negative
1,0,30,0_giving_health_people_covid,"[('giving', 0.04067875725636747), ('health', 0.03739675590899681), ('people', 0.023190687997748084), ('covid', 0.022256074129315892), ('vaccines', 0.018053810397973276), ('covid vaccines', 0.018053810397973276), ('gift', 0.015991623329837983), ('one', 0.014239405674494792), ('covid19', 0.014239405674494792), ('vaccines one pharmacy', 0.010193722409168849)]",negative
2,1,25,1_gift_nurse_would_amp,"[('gift', 0.039777483240605406), ('nurse', 0.028448717099714575), ('would', 0.020355188468764447), ('amp', 0.01614656358401349), ('care', 0.015214203899716203), ('looking', 0.015026926431563333), ('home', 0.01397105327529435), ('people', 0.011964171934350207), ('grift giving health', 0.011832713071035212), ('cake', 0.011832713071035212)]",negative
