,Topic,Count,TopicLabel,WordScore,Sentiment
0,-1,36,-1_health_public_messages_public health,"[('health', 0.032716838005567524), ('public', 0.026858942827606265), ('messages', 0.024801499680788167), ('public health', 0.016811813705533706), ('positive', 0.016811813705533706), ('amp', 0.016388237987943307), ('individual', 0.014886665489996597), ('messaging', 0.014886665489996597), ('benefits', 0.014411402139011266), ('early', 0.013662235123433272)]",neutral
1,0,33,0_travel_covid19_health_need,"[('travel', 0.03704170273990952), ('covid19', 0.02431280447447149), ('health', 0.01915938939052771), ('need', 0.014280275919762532), ('measures', 0.01380321094196191), ('certain', 0.013362537354512628), ('please', 0.011690772866302046), ('international travel', 0.011474334285081525), ('covid19sa', 0.011474334285081525), ('president', 0.011474334285081525)]",neutral
2,1,29,1_workers_health_allowance_risk,"[('workers', 0.03162031873680908), ('health', 0.030228839756905428), ('allowance', 0.028458286863128172), ('risk', 0.02741053157047872), ('really', 0.021685188572953172), ('health workers', 0.0186669407817477), ('give', 0.0186669407817477), ('working', 0.01807099047746098), ('employees', 0.01807099047746098), ('get', 0.015549759150257934)]",neutral
3,2,19,2_bonus_le_guys_safe,"[('bonus', 0.027997439766236566), ('le', 0.023240666234304243), ('guys', 0.019956626971774704), ('safe', 0.01913055981729841), ('health', 0.016661393052269033), ('ke', 0.015694065807248785), ('number', 0.014967470228831029), ('know', 0.014967470228831029), ('dont', 0.013555854848639205), ('amp', 0.011326554356224108)]",neutral
4,3,11,3_medical_care_seek_seek medical,"[('medical', 0.07101569794775432), ('care', 0.05233988659970821), ('seek', 0.045209578044815554), ('seek medical', 0.045209578044815554), ('attention', 0.032840886293083404), ('medical attention', 0.032840886293083404), ('home', 0.028859517060509553), ('health', 0.02849026084695354), ('get', 0.027356805708505735), ('exams', 0.02683617313360723)]",neutral
