,Topic,Count,TopicLabel,WordScore,Sentiment
0,-1,42,-1_health_care_gifts_hospital,"[('health', 0.018822872302821654), ('care', 0.01646137663705167), ('gifts', 0.014809303402707232), ('hospital', 0.014674939744954648), ('one', 0.014142909906498158), ('get', 0.013841168481210456), ('im', 0.013397901166031857), ('got', 0.013195834235928775), ('gift', 0.012642492368558064), ('week', 0.012574202424170632)]",neutral
1,0,27,0_care_package_care package_amp,"[('care', 0.04994319553279073), ('package', 0.03384463384794182), ('care package', 0.029034804683260418), ('amp', 0.024961593156764394), ('weeks', 0.0227693862212872), ('need', 0.02170906741600332), ('packages', 0.020023729100703956), ('hospital', 0.019478905869010556), ('take', 0.015895689856970423), ('health', 0.015375199611071158)]",neutral
2,1,26,1_christmas_gift_gift vouchers_vouchers,"[('christmas', 0.03876443033462904), ('gift', 0.03490860317039427), ('gift vouchers', 0.021941408540513123), ('vouchers', 0.021941408540513123), ('gifts', 0.0216485089741393), ('amp', 0.0216485089741393), ('ideas', 0.017090233771758452), ('people', 0.01705431073678473), ('year', 0.016074925341949597), ('family', 0.015672434671795084)]",neutral
3,2,22,2_nurse_gift_gifts_gifted,"[('nurse', 0.03384196299054916), ('gift', 0.03286602072531673), ('gifts', 0.027999247350444713), ('gifted', 0.026191414418302333), ('nurses', 0.02602469234794092), ('accept', 0.02067798839947344), ('mps', 0.02067798839947344), ('make', 0.016542982196175664), ('going', 0.016267672733068086), ('come', 0.013682284237281423)]",neutral
4,3,14,3_mental_mental health_health_would,"[('mental', 0.06615632056128684), ('mental health', 0.06615632056128684), ('health', 0.05079806209164289), ('would', 0.04088242579749265), ('help', 0.030635329542524816), ('mind', 0.02236065561127177), ('care', 0.02187594515072652), ('want', 0.02131712622272989), ('gift', 0.020534472453173098), ('lockdown', 0.0198478766090543)]",neutral
5,4,11,4_jab_dont_even_provide,"[('jab', 0.05679583566872578), ('dont', 0.04610770481536486), ('even', 0.040885139082321595), ('provide', 0.036371349137724024), ('might', 0.030899983302491517), ('services', 0.02927445548689498), ('vaccine', 0.02927445548689498), ('members', 0.02927445548689498), ('virus', 0.02927445548689498), ('nurse', 0.02661727426222968)]",neutral
