,Topic,Count,TopicLabel,WordScore,Sentiment
0,-1,33,-1_health_travel_wife_message,"[('health', 0.03975480426552812), ('travel', 0.028725744949370077), ('wife', 0.026373757462208883), ('message', 0.021479538745165377), ('year', 0.016267947450226465), ('safe', 0.016267947450226465), ('student', 0.0135057333290096), ('received', 0.0135057333290096), ('support', 0.0135057333290096), ('good', 0.0135057333290096)]",positive
