,Topic,Count,TopicLabel,WordScore,Sentiment
0,-1,20,-1_health_amp_covid19_quarantine,"[('health', 0.04373344965228594), ('amp', 0.029682678011054682), ('covid19', 0.029682678011054682), ('quarantine', 0.02349585540330043), ('travel', 0.02349585540330043), ('get', 0.020232199880829242), ('coronavirus', 0.01682491931667364), ('malta', 0.01682491931667364), ('covid19 covid19', 0.01682491931667364), ('first', 0.01682491931667364)]",negative
