,Topic,Count,TopicLabel,WordScore,Sentiment
0,-1,95,-1_health_travel_safe_message,"[('health', 0.04089100843122375), ('travel', 0.02022622008113161), ('safe', 0.019295701700306936), ('message', 0.017398944849215822), ('stay', 0.015449151144693002), ('care', 0.014451882903983904), ('amp', 0.01343805122458534), ('covid19', 0.01343805122458534), ('world', 0.012406139139748652), ('new', 0.012406139139748652)]",positive
