,Topic,Count,TopicLabel,WordScore,Sentiment
0,-1,63,-1_health_travel_covid_people,"[('health', 0.029911428917658425), ('travel', 0.01863332805769731), ('covid', 0.015055779782706011), ('people', 0.01495306015362035), ('workers', 0.013519624759510024), ('pharma', 0.012197915092562182), ('day', 0.011963274290494305), ('holiday', 0.011751116954448604), ('weekend', 0.01107586334206472), ('health pharma', 0.01107586334206472)]",negative
1,0,21,0_health_travel_covid_travel health,"[('health', 0.04961190621964125), ('travel', 0.04721710681287244), ('covid', 0.021130089679339364), ('travel health', 0.018256532526097755), ('global', 0.017706737903775856), ('vaccines', 0.017242115313381493), ('country', 0.016839833040486158), ('amp', 0.015379126882527782), ('covid19', 0.015379126882527782), ('pandemic', 0.014848569394018985)]",negative
2,1,12,1_private_earn_believe_private health,"[('private', 0.027016243673080243), ('earn', 0.027016243673080243), ('believe', 0.02605543962462495), ('private health', 0.021191647581755253), ('tories', 0.021191647581755253), ('cost', 0.021191647581755253), ('failed', 0.021191647581755253), ('mates', 0.021191647581755253), ('much', 0.020262182754810187), ('health', 0.019668150523967812)]",negative
