,Topic,Count,TopicLabel,WordScore,Sentiment
0,-1,17,-1_health_amp_travellers_2022,"[('health', 0.05276662452419734), ('amp', 0.021904449180439156), ('travellers', 0.021904449180439156), ('2022', 0.021904449180439156), ('travel', 0.021904449180439156), ('sales', 0.021904449180439156), ('likely', 0.01727906793911875), ('caution', 0.01727906793911875), ('care', 0.01727906793911875), ('commission genderany', 0.0123195337758432)]",neutral
