,Topic,Count,TopicLabel,WordScore,Sentiment
0,-1,5,-1_vaccine_covaxin_approval_granted emergency use,"[('vaccine', 0.2357798214672128), ('covaxin', 0.2357798214672128), ('approval', 0.1334412255369367), ('granted emergency use', 0.1334412255369367), ('approves covaxin', 0.1334412255369367), ('approves', 0.1334412255369367), ('approval world', 0.1334412255369367), ('approval world health', 0.1334412255369367), ('covaxin indian', 0.1334412255369367), ('granted emergency', 0.1334412255369367)]",positive
1,0,79,0_health_donation_jamaica_us,"[('health', 0.029843545512836835), ('donation', 0.029828137628941546), ('jamaica', 0.0232810408315265), ('us', 0.01593150074488068), ('thanks', 0.01513630522618678), ('amp', 0.01513630522618678), ('covid19', 0.015031649482523399), ('grant', 0.014607082291697526), ('help', 0.013940063151770595), ('million', 0.01266430077689275)]",positive
2,1,11,1_programme_grant_nhf_health,"[('programme', 0.11245685335643775), ('grant', 0.097953375367854), ('nhf', 0.08172152083267793), ('health', 0.07705249904185399), ('educare grant', 0.06654031611177112), ('degree', 0.06654031611177112), ('degree programme', 0.06654031611177112), ('grant programme', 0.06654031611177112), ('educare grant programme', 0.06654031611177112), ('educare', 0.06654031611177112)]",positive
