,Topic,Count,TopicLabel,WordScore,Sentiment
0,-1,11,-1_grant_medical_workers_health,"[('grant', 0.04509117377807157), ('medical', 0.04509117377807157), ('workers', 0.03903809552065819), ('health', 0.03266437366743876), ('nurses', 0.03266437366743876), ('health wellness grant', 0.025886984433327032), ('granted', 0.025886984433327032), ('kits members medical', 0.025886984433327032), ('ministry health wellness', 0.025886984433327032), ('ministry health', 0.025886984433327032)]",neutral
