,Topic,Count,TopicLabel,WordScore,Sentiment
0,-1,53,-1_dont_granted_health_covid19,"[('dont', 0.02922852233698268), ('granted', 0.02922852233698268), ('health', 0.02782916964414207), ('covid19', 0.02350222465746117), ('covid', 0.022011624514363056), ('donations', 0.022011624514363056), ('grant', 0.017364510925263296), ('mask', 0.017364510925263296), ('save', 0.01574676869810845), ('help', 0.01574676869810845)]",negative
