,Topic,Count,TopicLabel,WordScore,Sentiment
0,-1,29,-1_health_travel_get_people,"[('health', 0.03435614984936633), ('travel', 0.030353134091755524), ('get', 0.021824808385601652), ('people', 0.021824808385601652), ('finnish', 0.014793954862718645), ('like', 0.014793954862718645), ('care', 0.014793954862718645), ('normal', 0.012273671564267466), ('leave', 0.012273671564267466), ('want', 0.012273671564267466)]",negative
