,Topic,Count,TopicLabel,WordScore,Sentiment
0,-1,13,-1_helsinki_travel_ok_time,"[('helsinki', 0.040423491582812554), ('travel', 0.040423491582812554), ('ok', 0.02578520811449912), ('time', 0.02578520811449912), ('lockdown snowed', 0.020376875022417893), ('fortunate', 0.020376875022417893), ('ex fortunate able', 0.020376875022417893), ('helsinki ex', 0.020376875022417893), ('ok texans banning', 0.020376875022417893), ('helsinki whole', 0.020376875022417893)]",neutral
