,Topic,Count,TopicLabel,WordScore,Sentiment
0,-1,40,-1_health_covid19_safe_new,"[('health', 0.04560511694955146), ('covid19', 0.029496126372135324), ('safe', 0.02040294651709096), ('new', 0.017966106178027456), ('stay', 0.017966106178027456), ('day', 0.017966106178027456), ('raise', 0.017966106178027456), ('travel', 0.017966106178027456), ('holidays', 0.015442995758369982), ('care', 0.015442995758369982)]",positive
