,Topic,Count,TopicLabel,WordScore,Sentiment
0,-1,11,-1_health_newinn_working_accommodation,"[('health', 0.09657915383841172), ('newinn', 0.061231837551341345), ('working', 0.04466511724280567), ('accommodation', 0.04466511724280567), ('cbd', 0.04466511724280567), ('ticket', 0.04466511724280567), ('working newinn', 0.04466511724280567), ('health systems', 0.035551384335318736), ('safe', 0.035551384335318736), ('sales manager health', 0.035551384335318736)]",positive
