,Topic,Count,TopicLabel,WordScore,Sentiment
0,-1,28,-1_health_gift_care_amp,"[('health', 0.04343840631693651), ('gift', 0.040775082260390304), ('care', 0.03526775465429112), ('amp', 0.029477611831187186), ('baby', 0.02645513291993056), ('gifts', 0.02645513291993056), ('otjiwarongo', 0.02333156202625709), ('package', 0.02333156202625709), ('christmas baby', 0.02333156202625709), ('hospital', 0.02333156202625709)]",positive
