,Topic,Count,TopicLabel,WordScore,Sentiment
0,-1,52,-1_covid19_health_travel_covid,"[('covid19', 0.02770896052501226), ('health', 0.023308293487119523), ('travel', 0.018147159845244263), ('covid', 0.01702752755259362), ('need', 0.016001858033410903), ('cheap', 0.014668435608276017), ('wholesale', 0.014668435608276017), ('china', 0.013325960199107343), ('socks', 0.013325960199107343), ('ago', 0.011945420512597638)]",neutral
1,0,22,0_travel_time_quarantine_health,"[('travel', 0.03350589463558829), ('time', 0.02496717365115767), ('quarantine', 0.02496717365115767), ('health', 0.023061883200169185), ('home', 0.021257602044832867), ('take', 0.018772266946036665), ('like', 0.018431133579678575), ('public transport', 0.017647113870976297), ('get', 0.017647113870976297), ('transport', 0.017006081635866293)]",neutral
2,1,15,1_health_workers_rate_amp,"[('health', 0.033487259610998354), ('workers', 0.03247904277918636), ('rate', 0.028221561997871302), ('amp', 0.024055916688302276), ('please', 0.022993179065131167), ('higher', 0.022993179065131167), ('higher rate', 0.022993179065131167), ('many', 0.02116617149840348), ('work', 0.020514641942481652), ('message', 0.019487425667511812)]",neutral
