Unnamed: 0,Topic,Count,TopicLabel,WordScore,Sentiment,TopicWords
0,-1,73,-1_health_thank_care_also,"[('health', 0.033031974072343796), ('thank', 0.01805574041934201), ('care', 0.01666086041493485), ('also', 0.015978676141967442), ('appreciate', 0.014802742482157957), ('covid19', 0.013571749189148255), ('healthcare', 0.013457038620143597), ('using', 0.012388853228139735), ('help', 0.012210999248685194), ('us', 0.011863252475502652)]",positive,"['health', 'thank', 'care', 'also', 'appreciate', 'covid', 'healthcare', 'using', 'help', 'us ']"
1,0,50,0_health_thank_new_happy,"[('health', 0.038856424078524354), ('thank', 0.02407139536828925), ('new', 0.02093076799217268), ('happy', 0.01917718194021837), ('love', 0.01917718194021837), ('mental', 0.01905745830719915), ('mental health', 0.01786775634807706), ('everyday', 0.016447053758735255), ('day', 0.016149292780944558), ('life', 0.016149292780944558)]",positive,"['health', 'thank', 'new', 'happy', 'love', 'mental', 'mental health', 'everyday', 'day', 'life ']"
2,1,46,1_covid19_health_help_using,"[('covid19', 0.04403089699918999), ('health', 0.022413763460049446), ('help', 0.019367924320864465), ('using', 0.013893953088809707), ('healthcare', 0.013582719390855643), ('get', 0.01348190837425944), ('support', 0.012758797130855544), ('also', 0.011519933938343269), ('needs', 0.0114877619171693), ('travel', 0.01003851103165181)]",positive,"['covid', 'health', 'help', 'using', 'healthcare', 'get', 'support', 'also', 'needs', 'travel ']"
