Unnamed: 0,Topic,Count,TopicLabel,WordScore,Sentiment,TopicWords
0,-1,49,-1_italy_appreciate_health_amp,"[('italy', 0.02401754121057694), ('appreciate', 0.020915535965613293), ('health', 0.017422606116649638), ('amp', 0.01595341413156593), ('stayhome', 0.01472152743049101), ('think', 0.013155041490788926), ('dont', 0.013155041490788926), ('im', 0.012633920247201792), ('quarantine', 0.012179967127932232), ('using', 0.011275749849247651)]",neutral,"['italy', 'appreciate', 'health', 'amp', 'stayhome', 'think', 'dont', 'im', 'quarantine', 'using ']"
1,0,16,0_health_help_make_healthcare,"[('health', 0.04168962202815598), ('help', 0.025920665583527888), ('make', 0.025513755880665706), ('healthcare', 0.025513755880665706), ('pay', 0.020076142743017507), ('free', 0.020076142743017507), ('issues', 0.020076142743017507), ('right', 0.01913531691049928), ('whats', 0.01913531691049928), ('mental', 0.01913531691049928)]",neutral,"['health', 'help', 'make', 'healthcare', 'pay', 'free', 'issues', 'right', 'whats', 'mental ']"
2,1,10,1_day_im_time_covid19,"[('day', 0.05205959819243252), ('im', 0.0381046723939273), ('time', 0.03623209193266473), ('covid19', 0.029138171156800254), ('hi', 0.025751313284507103), ('making progress', 0.024154727955109822), ('home making progress', 0.024154727955109822), ('making progress covid19', 0.024154727955109822), ('covid2019', 0.024154727955109822), ('covid19 covid2019', 0.024154727955109822)]",neutral,"['day', 'im', 'time', 'covid', 'hi', 'making progress', 'home making progress', 'making progress covid', 'covid', 'covid covid ']"
