,Topic,Count,TopicLabel,WordScore,Sentiment
0,-1,10,-1_pool_bonus_swimmingpool_health,"[('pool', 0.044083290891150054), ('bonus', 0.038157166230240326), ('swimmingpool', 0.038157166230240326), ('health', 0.038157166230240326), ('private', 0.03191933217128193), ('stuck', 0.0252891139891954), ('waiting', 0.0252891139891954), ('amp', 0.0252891139891954), ('waiting corona', 0.0252891139891954), ('panama pool swimmingpool', 0.0252891139891954)]",neutral
