,Topic,Count,TopicLabel,WordScore,Sentiment
0,-1,41,-1_happy_pool_waiting_travel,"[('happy', 0.05305245392450709), ('pool', 0.05151688530233617), ('waiting', 0.03856766779416394), ('travel', 0.03334160340775744), ('panama', 0.03154368256720761), ('swimmingpool', 0.03154368256720761), ('open', 0.03154368256720761), ('swimmingpool pool casaareka', 0.029714503537376525), ('corona', 0.029714503537376525), ('pool swimmingpool', 0.029714503537376525)]",positive
