,Topic,Count,TopicLabel,WordScore,Sentiment
0,-1,25,-1_coronavirus_health_amp_notice,"[('coronavirus', 0.03521599415877268), ('health', 0.03521599415877268), ('amp', 0.0274095766381965), ('notice', 0.021030156601845634), ('sex', 0.021030156601845634), ('message', 0.020948356925634494), ('care', 0.020415832468163374), ('customers', 0.018131155815006954), ('covid19', 0.017955734507686706), ('panama', 0.016179649587370046)]",negative
1,0,15,0_el_travel_quarantine_coronavirus,"[('el', 0.04749203025939795), ('travel', 0.040481609090980135), ('quarantine', 0.03329248497259322), ('coronavirus', 0.030922440320913267), ('costa', 0.02956681944996232), ('trip', 0.02956681944996232), ('must', 0.024621931388088828), ('received', 0.023653455559969856), ('panama', 0.02110756900417687), ('message', 0.019520504399424116)]",negative
2,1,15,1_im_working_disaster_workers,"[('im', 0.028812772516387218), ('working', 0.022900641351839456), ('disaster', 0.022900641351839456), ('workers', 0.022900641351839456), ('higher', 0.022900641351839456), ('stuff', 0.022900641351839456), ('covid19', 0.01815584907666802), ('mental health', 0.01804722250784932), ('cats', 0.01804722250784932), ('need', 0.01804722250784932)]",negative
