,Topic,Count,TopicLabel,WordScore,Sentiment
0,-1,15,-1_went_aampe_amp_nurse,"[('went', 0.041730833272401575), ('aampe', 0.041730833272401575), ('amp', 0.028649024527062982), ('nurse', 0.028649024527062982), ('stop', 0.028649024527062982), ('supermarket', 0.023896332318922235), ('early nosebleed wouldnt', 0.023896332318922235), ('doctors', 0.023896332318922235), ('tories vampa', 0.023896332318922235), ('tories', 0.023896332318922235)]",negative
