,Topic,Count,TopicLabel,WordScore,Sentiment
0,-1,22,-1_health_support_supporting_amp,"[('health', 0.045600828420699416), ('support', 0.03996492121330618), ('supporting', 0.027813152421922928), ('amp', 0.027813152421922928), ('get', 0.024537103188717057), ('need', 0.024537103188717057), ('people', 0.02113534024994781), ('dont', 0.02113534024994781), ('mental', 0.01758217689508201), ('victims still', 0.01758217689508201)]",negative
