,Topic,Count,TopicLabel,WordScore,Sentiment
0,-1,44,-1_health_support_services_amp,"[('health', 0.06964385029298395), ('support', 0.06038578909132118), ('services', 0.032863791948379066), ('amp', 0.02837149904933872), ('mental health', 0.02203614166402561), ('mental', 0.02203614166402561), ('health services', 0.020376875022417893), ('people', 0.020376875022417893), ('spend', 0.016946199347993404), ('time', 0.016946199347993404)]",positive
