,Topic,Count,TopicLabel,WordScore,Sentiment
0,-1,235,-1_health_support_amp_covid19,"[('health', 0.03206221737839789), ('support', 0.030539870378571064), ('amp', 0.026019146215501936), ('covid19', 0.018541928630640157), ('services', 0.01611857813696329), ('health services', 0.013622622060111677), ('pakistan', 0.01288248112888885), ('day', 0.012282935280075395), ('safe', 0.010436752926058758), ('hospital', 0.009619891136186757)]",positive
1,0,541,0_health_support_amp_covid19,"[('health', 0.036429325184616244), ('support', 0.02977606563332241), ('amp', 0.0207972046260096), ('covid19', 0.019017374565623656), ('services', 0.014590627317907426), ('health services', 0.012756313636390158), ('medical', 0.009302388229315074), ('people', 0.009217736864390366), ('care', 0.008324655055709208), ('covid', 0.008265942459951308)]",positive
2,1,65,1_defeat_potential work humanity_lives limited resources_humanity innovationforeveryone opportunity,"[('defeat', 0.12317711608635365), ('potential work humanity', 0.07105310805190417), ('lives limited resources', 0.07105310805190417), ('humanity innovationforeveryone opportunity', 0.07105310805190417), ('eidmubarak', 0.07105310805190417), ('heatwave', 0.07105310805190417), ('thanks lot support', 0.07105310805190417), ('thanks lot', 0.07105310805190417), ('lot support motivating', 0.07105310805190417), ('duty safeguarding planet', 0.07105310805190417)]",positive
3,2,11,2_china_jing_ambassador_yao jing,"[('china', 0.08984723177914879), ('jing', 0.05392802935854899), ('ambassador', 0.05392802935854899), ('yao jing', 0.05392802935854899), ('ambassador yao', 0.05392802935854899), ('ambassador yao jing', 0.05392802935854899), ('chinese', 0.05392802935854899), ('yao', 0.05392802935854899), ('masks', 0.05163073962884475), ('pakistan', 0.0470143870189108)]",positive
