,Topic,Count,TopicLabel,WordScore,Sentiment
0,-1,25,-1_health_covid19_support_back,"[('health', 0.038133775882821755), ('covid19', 0.03618165246877695), ('support', 0.0271139123955833), ('back', 0.025587972686179045), ('modi', 0.02260300207406352), ('covid', 0.02260300207406352), ('pakistan', 0.021932548016724892), ('health services', 0.018928132528678275), ('us', 0.0188358350617196), ('services', 0.01761230371630419)]",neutral
1,0,13,0_support_health_anti_covid19,"[('support', 0.042727786085453676), ('health', 0.031159629386755247), ('anti', 0.028446204361487086), ('covid19', 0.026396895239832484), ('amp', 0.020483351325525655), ('sure', 0.020483351325525655), ('essential', 0.01598871382902918), ('tested', 0.01598871382902918), ('follow', 0.01598871382902918), ('political', 0.01598871382902918)]",neutral
2,1,13,1_services_health_support_health services,"[('services', 0.04526434089052207), ('health', 0.03920214547299488), ('support', 0.02660656618204631), ('health services', 0.02653422259388335), ('need', 0.023330269801185056), ('need financial', 0.022774415148307147), ('need financial support', 0.022774415148307147), ('public sector', 0.022774415148307147), ('means', 0.022774415148307147), ('sector', 0.022774415148307147)]",neutral
