,Topic,Count,TopicLabel,WordScore,Sentiment
0,-1,29,-1_health_support_amp_covid19,"[('health', 0.049832633922777154), ('support', 0.049832633922777154), ('amp', 0.0337440087608014), ('covid19', 0.028708657244966202), ('projects', 0.0234016666714581), ('care', 0.0234016666714581), ('healthcare', 0.0234016666714581), ('workers', 0.017742593948949247), ('new', 0.017742593948949247), ('research', 0.017742593948949247)]",positive
