,Topic,Count,TopicLabel,WordScore,Sentiment
0,-1,24,-1_health_support_mental_mental health,"[('health', 0.0510826788038458), ('support', 0.039543126201487734), ('mental', 0.032065356959795954), ('mental health', 0.032065356959795954), ('gun', 0.026775046805094904), ('gun safety', 0.02401659927214572), ('people', 0.02401659927214572), ('legislation', 0.02401659927214572), ('safety', 0.02401659927214572), ('gun safety legislation', 0.02116827799354214)]",negative
