,Topic,Count,TopicLabel,WordScore,Sentiment
0,-1,52,-1_health_support_need_amp,"[('health', 0.05601856221111566), ('support', 0.048421782498700446), ('need', 0.022395887547268203), ('amp', 0.018045084040001123), ('covid19', 0.018045084040001123), ('mental', 0.014992714925552627), ('services', 0.014992714925552627), ('grateful', 0.014992714925552627), ('mental health', 0.014992714925552627), ('health services', 0.013410225310223952)]",positive
