,Topic,Count,TopicLabel,WordScore,Sentiment
0,-1,14,-1_support_health_really_mental health,"[('support', 0.04751992340550723), ('health', 0.0372724668049002), ('really', 0.023293662216550753), ('mental health', 0.01835028685659356), ('mental', 0.01782595815750034), ('receive', 0.01735909425798252), ('bit', 0.01735909425798252), ('receive support', 0.01735909425798252), ('long', 0.01735909425798252), ('researchers', 0.01735909425798252)]",positive
1,0,37,0_health_support_amp_mental,"[('health', 0.03411378317736629), ('support', 0.03334448862691524), ('amp', 0.030019317743432146), ('mental', 0.0235665209539835), ('mental health', 0.020527439534494495), ('time', 0.01962602832596267), ('thank', 0.01800703694344724), ('work', 0.01634413247143492), ('new', 0.015007067800960432), ('healthcare', 0.01349440803083263)]",positive
2,1,18,1_covid19_health_people_great,"[('covid19', 0.04410165551440534), ('health', 0.03855196939671021), ('people', 0.025769525305558528), ('great', 0.025187039965308293), ('social', 0.025187039965308293), ('support', 0.025022431309646195), ('supporting', 0.024195670742156967), ('known far covid19', 0.023363195536600156), ('far covid19', 0.023363195536600156), ('great summary', 0.023363195536600156)]",positive
