,Topic,Count,TopicLabel,WordScore,Sentiment
0,-1,39,-1_health_support_covid19_amp,"[('health', 0.0419279305506126), ('support', 0.03856766779416394), ('covid19', 0.03154368256720761), ('amp', 0.02202959795821284), ('supporting', 0.017910150087529202), ('healthcare', 0.015759815587487593), ('people', 0.013535747071467404), ('help', 0.013535747071467404), ('get', 0.013535747071467404), ('also', 0.013535747071467404)]",positive
