,Topic,Count,TopicLabel,WordScore,Sentiment
0,-1,16,-1_health_support_mental_mental health,"[('health', 0.06701874230778489), ('support', 0.04786646716568736), ('mental', 0.025485038730838416), ('mental health', 0.02123448902088159), ('analyst', 0.02123448902088159), ('good', 0.016745103495616757), ('lungs', 0.016745103495616757), ('however', 0.016745103495616757), ('people', 0.016745103495616757), ('overall', 0.016745103495616757)]",neutral
