,Topic,Count,TopicLabel,WordScore,Sentiment
0,-1,3,-1_amp_covid_district_district 16rmb,"[('amp', 0.06855395457956727), ('covid', 0.06652511778853815), ('district', 0.058466087932212175), ('district 16rmb', 0.058466087932212175), ('tests', 0.058466087932212175), ('results connected health', 0.058466087932212175), ('self initiated', 0.058466087932212175), ('self', 0.058466087932212175), ('manageable', 0.058466087932212175), ('12', 0.058466087932212175)]",neutral
1,0,13,0_migrant_workers_migrant workers_covid19,"[('migrant', 0.04250508970398608), ('workers', 0.04250508970398608), ('migrant workers', 0.0350079117101045), ('covid19', 0.02000452097720257), ('tw', 0.01783383605874525), ('think', 0.01783383605874525), ('may', 0.01783383605874525), ('many', 0.01783383605874525), ('govt', 0.01783383605874525), ('time', 0.016125107818522246)]",neutral
2,1,10,1_donation_dad_please_blood,"[('donation', 0.047954460178856094), ('dad', 0.044433118708978786), ('please', 0.038085530321981816), ('blood', 0.03411080500072013), ('big', 0.032824059658694914), ('small contribution', 0.032824059658694914), ('small', 0.032824059658694914), ('fund', 0.032824059658694914), ('contribution', 0.032824059658694914), ('till', 0.022635253459176666)]",neutral
