,Topic,Count,TopicLabel,WordScore,Sentiment
0,0,378,0_health_support_covid19_people,False,negative
1,1,47,1_directorate_health services_services_general,"[('health', 0.03174781178461213), ('support', 0.031163289488290564), ('covid19', 0.01902424046251109), ('people', 0.013219744320285649), ('covid', 0.011612555854611968), ('amp', 0.011438448121341977), ('services', 0.009565953514216309), ('health services', 0.008708411189005155), ('service', 0.008535335903474817), ('please', 0.008345484966320453)]",negative
2,2,22,2_help_managementi_suryanshi need help_donating sharing campaigni,"[('directorate', 0.07049401811818644), ('health services', 0.0704165602183317), ('services', 0.06961561349756085), ('general', 0.06837152551489278), ('directorate general health', 0.06751669554415336), ('directorate general', 0.06751669554415336), ('general health', 0.06719360493044832), ('general health services', 0.06719360493044832), ('covid19', 0.0671815268164454), ('health', 0.05951026817081567)]",negative
