,Topic,Count,TopicLabel,WordScore,Sentiment
0,-1,300,-1_support_health_amp_covid19,"[('support', 0.03409238883781353), ('health', 0.031238500956023593), ('amp', 0.01550525104774613), ('covid19', 0.014801752476854352), ('services', 0.012048253575188), ('covid', 0.009924787654110442), ('also', 0.009319625156912436), ('care', 0.008772423621392463), ('us', 0.008656295128480589), ('people', 0.00821785012968908)]",positive
1,0,679,0_health_support_covid19_amp,"[('health', 0.03707250025740002), ('support', 0.03424670300751112), ('covid19', 0.024689976213629047), ('amp', 0.020181322845224295), ('services', 0.011227671080974071), ('us', 0.010568713246402812), ('health services', 0.010203929612430161), ('care', 0.009758453530136628), ('hospital', 0.007983173973057974), ('workers', 0.007816378763040217)]",positive
2,1,68,1_help_would sincerely appreciate_sharing campaigni_suryanshi,"[('help', 0.12122722934175487), ('would sincerely appreciate', 0.08512946544951641), ('sharing campaigni', 0.08512946544951641), ('suryanshi', 0.08512946544951641), ('currently', 0.08512946544951641), ('support donating', 0.08512946544951641), ('campaigni currently exhausted', 0.08512946544951641), ('sharing campaigni currently', 0.08512946544951641), ('campaigni', 0.08512946544951641), ('campaigni currently', 0.08512946544951641)]",positive
3,2,16,2_oxygen_concentrators_oxygen concentrators_bed,"[('oxygen', 0.10138215533785983), ('concentrators', 0.05640782473406631), ('oxygen concentrators', 0.05640782473406631), ('bed', 0.04389900650911628), ('district', 0.043665507774554566), ('support', 0.03491327951300486), ('hospital', 0.033603343665766144), ('help', 0.03278878395719884), ('10 oxygen', 0.030763121320442857), ('10 oxygen concentrators', 0.030763121320442857)]",positive
