,Topic,Count,TopicLabel,WordScore,Sentiment
0,-1,32,-1_health_support_mental_mental health,"[('health', 0.041090428635849864), ('support', 0.027048505714471257), ('mental', 0.02483529194481138), ('mental health', 0.02483529194481138), ('health services', 0.02081075182968725), ('amp', 0.0204724635104374), ('services', 0.020159454592541082), ('medical', 0.019274656955711466), ('people', 0.017639522768473446), ('chinas', 0.015325811833800246)]",neutral
1,0,30,0_health_support_dont_please,"[('health', 0.05282223774643949), ('support', 0.0374261199357749), ('dont', 0.020601611496080287), ('please', 0.016194480285759084), ('services', 0.015415087835827422), ('time', 0.014354687922623602), ('waiting', 0.012983465287516009), ('govt', 0.012105723515959923), ('good', 0.01100192249554994), ('health services', 0.010608738310573466)]",neutral
2,1,14,1_covid_block_dosnt_mandirbazar block,"[('covid', 0.043618964214456074), ('block', 0.041970373259480435), ('dosnt', 0.041970373259480435), ('mandirbazar block', 0.041970373259480435), ('mandirbazar', 0.041970373259480435), ('also', 0.03877241263507207), ('support', 0.03599567299587374), ('covid19', 0.030780447077233104), ('matter', 0.028553447047496884), ('use', 0.028553447047496884)]",neutral
