,Topic,Count,TopicLabel,WordScore,Sentiment
0,0,37,0_donation_donations_health_make,False,neutral
1,1,15,1_able_lockdown_able essential things_things,"[('donation', 0.026228128788792257), ('donations', 0.024473729816522488), ('health', 0.02083859875509426), ('make', 0.01700239330228636), ('get', 0.01700239330228636), ('sure', 0.01700239330228636), ('us', 0.01700239330228636), ('care', 0.016580065451171463), ('grants', 0.013394329905410025), ('dont', 0.01290549447624587)]",neutral
