,Topic,Count,TopicLabel,WordScore,Sentiment
0,-1,13,-1_safe_also_health_us,"[('safe', 0.036781765949981844), ('also', 0.03075665676435508), ('health', 0.03075665676435508), ('us', 0.03075665676435508), ('stay', 0.024356629601171707), ('much', 0.024356629601171707), ('love', 0.024356629601171707), ('stay safe', 0.024356629601171707), ('gibraltar', 0.024356629601171707), ('care', 0.024356629601171707)]",positive
