,Topic,Count,TopicLabel,WordScore,Sentiment
0,-1,11,-1_get_travel_next_cant,"[('get', 0.02698305944979572), ('travel', 0.02698305944979572), ('next', 0.021334653271115313), ('cant', 0.021334653271115313), ('time', 0.021334653271115313), ('lockdown', 0.021334653271115313), ('never', 0.01525552116787347), ('mask', 0.01525552116787347), ('la', 0.01525552116787347), ('week', 0.01525552116787347)]",negative
