,Topic,Count,TopicLabel,WordScore,Sentiment
0,-1,11,-1_new_health_like_allah grant,"[('new', 0.04543851949244741), ('health', 0.04543851949244741), ('like', 0.0260931861722471), ('allah grant', 0.01871518871760522), ('asia', 0.01871518871760522), ('special', 0.01871518871760522), ('allah', 0.01871518871760522), ('apad', 0.01871518871760522), ('coordinated', 0.01871518871760522), ('workers', 0.01871518871760522)]",positive
