,Topic,Count,TopicLabel,WordScore,Sentiment
0,-1,13,-1_health_cannot_forget_workers,"[('health', 0.04371222897423326), ('cannot', 0.03869025525561182), ('forget', 0.03869025525561182), ('workers', 0.03869025525561182), ('cannot forget', 0.03869025525561182), ('migrants', 0.03869025525561182), ('sri', 0.03344853224543283), ('us', 0.027941856036736348), ('coronavirus', 0.027941856036736348), ('healthcare', 0.027941856036736348)]",negative
