,Topic,Count,TopicLabel,WordScore,Sentiment
0,-1,22,-1_bonus_first_get_cents bonus,"[('bonus', 0.0417462404664301), ('first', 0.03466804254078184), ('get', 0.032846263646121324), ('cents bonus', 0.031728726576096426), ('cents', 0.031728726576096426), ('459df57a0', 0.031728726576096426), ('use', 0.031728726576096426), ('50 cents', 0.031728726576096426), ('50 cents bonus', 0.031728726576096426), ('moneysmsapp', 0.031728726576096426)]",positive
1,0,75,0_health_barbados_travel_message,"[('health', 0.034291184361918685), ('barbados', 0.017552447161528175), ('travel', 0.01711105077059596), ('message', 0.016366902143289185), ('one', 0.015212120873324417), ('day', 0.014041957729222539), ('healthcare', 0.013242228859234564), ('worker', 0.013242228859234564), ('work', 0.012226887409137202), ('safety', 0.012038389872031421)]",positive
2,1,14,1_tampt_trinidad_canadians_trinidad tobago,"[('tampt', 0.08127510512435926), ('trinidad', 0.07450217969732932), ('canadians', 0.06433719902622456), ('trinidad tobago', 0.0584201617566687), ('covid19', 0.057669936413024134), ('tobago', 0.05718862135664406), ('important message high', 0.04607278871128081), ('message high', 0.04607278871128081), ('adhere', 0.04607278871128081), ('message high commissioner', 0.04607278871128081)]",positive
