,Topic,Count,TopicLabel,WordScore,Sentiment
0,-1,28,-1_health_travel_get_public,"[('health', 0.03604176099347256), ('travel', 0.033394974190248235), ('get', 0.025028398845825413), ('public', 0.022065640676805564), ('people', 0.022065640676805564), ('may', 0.022065640676805564), ('time', 0.01899235407895476), ('traveling', 0.01578597960746934), ('like', 0.01578597960746934), ('approach', 0.01578597960746934)]",neutral
