,Topic,Count,TopicLabel,WordScore,Sentiment
0,-1,4,-1_need_granted_took_took granted,"[('need', 0.09012737777407655), ('granted', 0.06302568851650973), ('took', 0.04970244484494788), ('took granted', 0.04970244484494788), ('time', 0.047088379903076835), ('stay', 0.045063688887038274), ('life', 0.037160061682537084), ('look hold dear', 0.02985451974323137), ('need constantly', 0.02985451974323137), ('pandemic changes view', 0.02985451974323137)]",positive
1,0,22,0_migrant_covid19_workers_migrant workers,"[('migrant', 0.04141503057748409), ('covid19', 0.03796377802936041), ('workers', 0.03032249405314698), ('migrant workers', 0.03032249405314698), ('singapore', 0.02466691119563489), ('health', 0.017266306015224626), ('world', 0.016741217754472234), ('covid', 0.016127532454983426), ('granted', 0.015609415646158475), ('sustain', 0.013848391120920595)]",positive
2,1,15,1_may_grant_allah_health,"[('may', 0.07584107886920857), ('grant', 0.07445961015359091), ('allah', 0.07138643428487387), ('health', 0.06944387112263588), ('may allah', 0.052266404223187554), ('good health', 0.05090556918008878), ('good', 0.04759095618991591), ('birthday', 0.04708498074844514), ('love', 0.040358554927238686), ('happy', 0.03474846630925705)]",positive
3,2,11,2_blood_donation_fundraising_amp,"[('blood', 0.04729240357112551), ('donation', 0.041881851904020835), ('fundraising', 0.0362296177175528), ('amp', 0.03378028826508965), ('donating', 0.023975408416395567), ('campaign', 0.023975408416395567), ('mental health', 0.023975408416395567), ('mental', 0.023975408416395567), ('blood donation', 0.023975408416395567), ('health', 0.019928511788497142)]",positive
