,Topic,Count,TopicLabel,WordScore,Sentiment
0,-1,14,-1_amp_drivers_ecgs_donation,"[('amp', 0.037908370474764426), ('drivers', 0.030102306881950015), ('ecgs', 0.030102306881950015), ('donation', 0.025969037873210817), ('people', 0.025969037873210817), ('government', 0.021641402417558638), ('received', 0.021641402417558638), ('industry', 0.021641402417558638), ('savetravel', 0.021641402417558638), ('travel', 0.021641402417558638)]",negative
