,Topic,Count,TopicLabel,WordScore,Sentiment
0,-1,10,-1_must_workers_covid19_granted,"[('must', 0.06812458912139649), ('workers', 0.06683672014312982), ('covid19', 0.04075443984764121), ('granted', 0.03629013126391447), ('health workers neighbors', 0.02385120170216882), ('due preventative measures', 0.02385120170216882), ('drive corporatesocialresponsibility coronainfocg', 0.02385120170216882), ('drive corporatesocialresponsibility', 0.02385120170216882), ('time thats needed', 0.02385120170216882), ('due preventative', 0.02385120170216882)]",positive
1,0,18,0_kfor_donation_health_italian,"[('kfor', 0.04390199883771045), ('donation', 0.042794908480332135), ('health', 0.03916356849656099), ('italian', 0.029977117477786492), ('covid19', 0.02882458938415733), ('equipment', 0.02817210405488733), ('medical', 0.028033633146743044), ('centre', 0.026944362505240488), ('health centre', 0.026944362505240488), ('face', 0.023802732538095978)]",positive
2,1,15,1_hospital_alltogether_uspartnermne_equipment,"[('hospital', 0.050462238628865355), ('alltogether', 0.04026027534981991), ('uspartnermne', 0.04026027534981991), ('equipment', 0.034459099027588175), ('health', 0.0342167577865434), ('kotor', 0.03295736995697495), ('similar donations', 0.03295736995697495), ('donations', 0.032083560407899316), ('similar', 0.032083560407899316), ('provided', 0.03062540951528707)]",positive
