,Topic,Count,TopicLabel,WordScore,Sentiment
0,-1,25,-1_health_amp_support_safe,"[('health', 0.04816990282157521), ('amp', 0.038385375488559456), ('support', 0.033182604594372715), ('safe', 0.024866727871659555), ('mental', 0.024866727871659555), ('mental health', 0.024866727871659555), ('appreciate', 0.018868078222462777), ('supporting', 0.018868078222462777), ('thank', 0.018868078222462777), ('time', 0.018868078222462777)]",positive
