,Topic,Count,TopicLabel,WordScore,Sentiment
0,-1,16,-1_health_support_mental_mental health,"[('health', 0.061029498577359224), ('support', 0.04451389582498751), ('mental', 0.04096004773865319), ('mental health', 0.04096004773865319), ('people', 0.0255444626593293), ('kosov minister', 0.021284443208240918), ('stayathome agreed', 0.021284443208240918), ('covid19 pandemic order', 0.021284443208240918), ('stayathome', 0.021284443208240918), ('health arben', 0.021284443208240918)]",positive
