,Topic,Count,TopicLabel,WordScore,Sentiment
0,-1,14,-1_health_safe_need_safety,"[('health', 0.04273723284395782), ('safe', 0.04273723284395782), ('need', 0.02449171242396912), ('safety', 0.02449171242396912), ('covid19', 0.02449171242396912), ('granted', 0.02449171242396912), ('healthy', 0.019343453592992586), ('work', 0.019343453592992586), ('many', 0.019343453592992586), ('stay', 0.019343453592992586)]",positive
