,Topic,Count,TopicLabel,WordScore,Sentiment
0,-1,23,-1_health_covid19_migrants_grant,"[('health', 0.06067341791024278), ('covid19', 0.03204091813239982), ('migrants', 0.03204091813239982), ('grant', 0.028769786845588195), ('essential', 0.018200561827275658), ('health crisis', 0.018200561827275658), ('together', 0.018200561827275658), ('staff', 0.018200561827275658), ('crisis', 0.018200561827275658), ('us', 0.018200561827275658)]",positive
