,Topic,Count,TopicLabel,WordScore,Sentiment
0,-1,19,-1_health_support_service_health service,"[('health', 0.05680015423453508), ('support', 0.049884730742090475), ('service', 0.02660299631968434), ('health service', 0.02660299631968434), ('many', 0.02660299631968434), ('work', 0.0221745418388042), ('hospital', 0.0221745418388042), ('denmark', 0.017494405090302544), ('us', 0.017494405090302544), ('care', 0.017494405090302544)]",positive
