,Topic,Count,TopicLabel,WordScore,Sentiment
0,-1,38,-1_health_workers_immigrants_covid19,"[('health', 0.03176876023983153), ('workers', 0.03176876023983153), ('immigrants', 0.02516831679942738), ('covid19', 0.02344330791559197), ('migrant', 0.01804158386617055), ('sweden', 0.01804158386617055), ('migrant workers', 0.01615058764081355), ('healthcare', 0.01615058764081355), ('never', 0.014203878753521252), ('work', 0.014203878753521252)]",negative
