,Topic,Count,TopicLabel,WordScore,Sentiment
0,-1,21,-1_health_share_free_coronavirus,"[('health', 0.03996492121330618), ('share', 0.026516524540295378), ('free', 0.02285332055621106), ('coronavirus', 0.019023700882496254), ('workers', 0.019023700882496254), ('like', 0.019023700882496254), ('grant', 0.019023700882496254), ('migrant', 0.019023700882496254), ('share share', 0.019023700882496254), ('charity', 0.019023700882496254)]",positive
