,Topic,Count,TopicLabel,WordScore,Sentiment
0,0,30,0_health_gift_good_winner,False,positive
1,1,18,1_free_local_shopee_check,"[('health', 0.05741722046874912), ('gift', 0.050005038911348346), ('good', 0.02986246143732095), ('winner', 0.027436128134146583), ('good health', 0.02494441711505387), ('lucky winner', 0.01972922650041967), ('day', 0.01972922650041967), ('big', 0.01972922650041967), ('lucky', 0.01972922650041967), ('singapore', 0.01791747686239257)]",positive
