,Topic,Count,TopicLabel,WordScore,Sentiment
0,-1,21,-1_health_year_travel_belize,"[('health', 0.043533814244449055), ('year', 0.028945575363637528), ('travel', 0.02079609083201232), ('belize', 0.02079609083201232), ('us', 0.02079609083201232), ('time', 0.02079609083201232), ('national', 0.02079609083201232), ('bonus', 0.01639583295668567), ('outside', 0.01639583295668567), ('international', 0.01639583295668567)]",positive
