,Topic,Count,TopicLabel,WordScore,Sentiment
0,-1,21,-1_side_travel_greedy_dont,"[('side', 0.03508802197520033), ('travel', 0.03508802197520033), ('greedy', 0.02320997115894687), ('dont', 0.02320997115894687), ('belize', 0.019984305713580935), ('want', 0.019984305713580935), ('press', 0.016617134829641302), ('bankers', 0.016617134829641302), ('covid19', 0.016617134829641302), ('pay', 0.016617134829641302)]",negative
