,Topic,Count,TopicLabel,WordScore,Sentiment
0,-1,37,-1_gift_health_care_package,"[('gift', 0.043997235986977884), ('health', 0.04029420186797491), ('care', 0.03252785728879587), ('package', 0.02631358715617518), ('give', 0.024149691474182115), ('thank', 0.021931136621187376), ('gifts', 0.021931136621187376), ('packages', 0.019650995418659337), ('love', 0.019650995418659337), ('friends', 0.017300343269873952)]",positive
