,Topic,Count,TopicLabel,WordScore,Sentiment
0,-1,18,-1_health_giving_workers_healthcare,"[('health', 0.03583485882412738), ('giving', 0.03219873935310028), ('workers', 0.028434057021692542), ('healthcare', 0.028434057021692542), ('uk healthcare', 0.028434057021692542), ('uk', 0.028434057021692542), ('care', 0.028434057021692542), ('uk healthcare workers', 0.028434057021692542), ('healthcare workers', 0.028434057021692542), ('anyone knows', 0.020422547694212395)]",negative
