,Topic,Count,TopicLabel,WordScore,Sentiment
0,-1,23,-1_health_gift_life_good,"[('health', 0.05927290215474194), ('gift', 0.040328754965483375), ('life', 0.028071865703556353), ('good', 0.024766832250738596), ('birthday', 0.024766832250738596), ('package', 0.021334653271115313), ('gift life', 0.021334653271115313), ('care', 0.021334653271115313), ('bill', 0.017749346834605394), ('gifts', 0.017749346834605394)]",positive
