,Topic,Count,TopicLabel,WordScore,Sentiment
0,-1,10,-1_health_issue_scarcity_10,"[('health', 0.060811962815636285), ('issue', 0.02800236343759331), ('scarcity', 0.02800236343759331), ('10', 0.020107424055542764), ('exposed', 0.020107424055542764), ('lockdown health', 0.020107424055542764), ('prepare another', 0.020107424055542764), ('increase', 0.020107424055542764), ('mental health', 0.020107424055542764), ('might', 0.020107424055542764)]",negative
