,Topic,Count,TopicLabel,WordScore,Sentiment
0,-1,14,-1_health_violence_community_affect,"[('health', 0.04343840631693651), ('violence', 0.03844592925760786), ('community', 0.03323541961261631), ('affect', 0.027762032127833257), ('people', 0.027762032127833257), ('bonus', 0.027762032127833257), ('message', 0.027762032127833257), ('lifestyle', 0.02195789479653778), ('wage', 0.02195789479653778), ('smoke', 0.02195789479653778)]",positive
