,Topic,Count,TopicLabel,WordScore,Sentiment
0,-1,9,-1_amp_yes_minister_yes taiwancanhelp,"[('amp', 0.12798278317890333), ('yes', 0.05099949265728712), ('minister', 0.05099949265728712), ('yes taiwancanhelp', 0.05099949265728712), ('taiwancanhelp', 0.05099949265728712), ('amb', 0.04173046787049022), ('taiwan amp', 0.04173046787049022), ('nkosi', 0.04173046787049022), ('latest donation', 0.04173046787049022), ('minister nkosi', 0.04173046787049022)]",positive
1,0,27,0_medical_covid19_taiwan_donation,"[('medical', 0.03671274134211687), ('covid19', 0.036289638269277794), ('taiwan', 0.03387032905132594), ('donation', 0.031533446776815265), ('health', 0.02668248038841367), ('rights', 0.02429593053216596), ('portugal', 0.02429593053216596), ('taiwans', 0.02429593053216596), ('countries', 0.024248843191222218), ('global', 0.019892293723526362)]",positive
2,1,17,1_also_clubhouse_charity_week covid,"[('also', 0.04257662690136563), ('clubhouse', 0.04044088492429211), ('charity', 0.04044088492429211), ('week covid', 0.04044088492429211), ('week covid nurses', 0.04044088492429211), ('week', 0.04044088492429211), ('covid nurses', 0.04044088492429211), ('charity clubhouse week', 0.04044088492429211), ('clubhouse week', 0.04044088492429211), ('clubhouse week covid', 0.04044088492429211)]",positive
