,Topic,Count,TopicLabel,WordScore,Sentiment
0,-1,61,-1_health_jerusalem_israel_amp,"[('health', 0.03933681852726393), ('jerusalem', 0.03098174417185784), ('israel', 0.021886696707583145), ('amp', 0.019456872331975322), ('covid19', 0.01821245883508141), ('hospital', 0.015656090058766114), ('travel', 0.014339724536748765), ('due', 0.012994158558626451), ('ministry', 0.012994158558626451), ('israeli', 0.012994158558626451)]",negative
