,Topic,Count,TopicLabel,WordScore,Sentiment
0,-1,59,-1_health_jerusalem_covid19_ministry,"[('health', 0.04082186188380074), ('jerusalem', 0.022193059460873642), ('covid19', 0.019024164647179882), ('ministry', 0.01633682828944189), ('message', 0.015470634033146724), ('jewish', 0.015342756006627491), ('ministry health', 0.014339947402980053), ('hospital', 0.012069523033289637), ('years', 0.01167150595289451), ('coming', 0.01167150595289451)]",positive
1,0,23,0_egypt_health_travel_safe,"[('egypt', 0.04942942134385662), ('health', 0.034992828717897245), ('travel', 0.02087878149559744), ('safe', 0.019771768537542648), ('jerusalem', 0.018352631536557123), ('tourism', 0.017173736047139065), ('campaign', 0.017173736047139065), ('message', 0.016476473781285538), ('amp', 0.016476473781285538), ('world', 0.016052609895180474)]",positive
2,1,21,1_year_health_happy_new,"[('year', 0.04527589701101274), ('health', 0.04488413496882287), ('happy', 0.04446330690720647), ('new', 0.03886386416719264), ('may', 0.036695431726848506), ('holidays', 0.03309130868392203), ('happiness', 0.03309130868392203), ('holiday', 0.03309130868392203), ('new year', 0.03309130868392203), ('light', 0.028441863246868388)]",positive
