,Topic,Count,TopicLabel,WordScore,Sentiment
0,-1,20,-1_support_amp_taiwan_us,"[('support', 0.04191326060526102), ('amp', 0.036261481911037535), ('taiwan', 0.030317022399549094), ('us', 0.024004203617174348), ('medical', 0.020673071866583206), ('first', 0.020673071866583206), ('wuhan local hospitals', 0.01719452984545784), ('donation support', 0.01719452984545784), ('immediately called', 0.01719452984545784), ('safety', 0.01719452984545784)]",neutral
