,Topic,Count,TopicLabel,WordScore,Sentiment
0,-1,16,-1_covid19_vaccine_past_immune,"[('covid19', 0.0317102352205737), ('vaccine', 0.02734774434834465), ('past', 0.02734774434834465), ('immune', 0.02734774434834465), ('deaths', 0.024718573183759925), ('health', 0.02045975236356874), ('see', 0.018858671896871015), ('service', 0.018231829565563098), ('respiratory syncytial', 0.015462972953329964), ('compare 2020 death', 0.015462972953329964)]",negative
1,0,19,0_amp_health_support_well,"[('amp', 0.05210356298879842), ('health', 0.03962885368198046), ('support', 0.030807967813369624), ('well', 0.030778610480423647), ('home', 0.025715912335078667), ('amp support', 0.019568406860731753), ('mental health', 0.019568406860731753), ('supported', 0.019568406860731753), ('mental', 0.019568406860731753), ('public', 0.01891797368899827)]",negative
2,1,16,1_support_taiwan_people_chinese,"[('support', 0.048990726816358646), ('taiwan', 0.03709589538832763), ('people', 0.031960433612611444), ('chinese', 0.023748704866324563), ('protests', 0.023748704866324563), ('china', 0.023748704866324563), ('covid19', 0.019185189334077507), ('petition support taiwans', 0.018710682006223715), ('covid19 peition health4all', 0.018710682006223715), ('coronavirus covid19 peition', 0.018710682006223715)]",negative
