Unnamed: 0,Topic,Count,TopicLabel,WordScore,Sentiment,TopicWords
0,-1,54,-1_singapore_appreciate_safe_stay safe,"[('singapore', 0.04334628219663022), ('appreciate', 0.023452849874668582), ('safe', 0.020224871332910063), ('stay safe', 0.01491684869710587), ('thank', 0.014516388405658276), ('pool', 0.014331141219645032), ('appreciate singapore', 0.014331141219645032), ('stay', 0.014012340848769756), ('see', 0.013343710133340911), ('health', 0.0131372976746651)]",neutral,"['singapore', 'appreciate', 'safe', 'stay safe', 'thank', 'pool', 'appreciate singapore', 'stay', 'see', 'health ']"
1,0,100,0_singapore_covid19_covid_safe,"[('singapore', 0.05220385581735646), ('covid19', 0.03357588875847664), ('covid', 0.02910984520959485), ('safe', 0.018268284155230904), ('cases', 0.01653128365088012), ('new', 0.013899114493026351), ('year', 0.011774085010191608), ('vaccine', 0.010395398179754736), ('time', 0.01002120679020699), ('less', 0.009078743052341052)]",neutral,"['singapore', 'covid', 'covid', 'safe', 'cases', 'new', 'year', 'vaccine', 'time', 'less ']"
2,1,94,1_health_help_mental_mental health,"[('health', 0.04207508111943198), ('help', 0.017556944486130134), ('mental', 0.016348268232039862), ('mental health', 0.014759397832190409), ('know', 0.013736623613227647), ('amp', 0.013190636514113388), ('dont', 0.012220843285892546), ('appreciate', 0.012133622731310018), ('healthcare', 0.01143184290265739), ('care', 0.011192768163748097)]",neutral,"['health', 'help', 'mental', 'mental health', 'know', 'amp', 'dont', 'appreciate', 'healthcare', 'care ']"
3,2,21,2_mask_singapore_0414_0414 singapore,"[('mask', 0.10621210872724698), ('singapore', 0.03980716182378897), ('0414', 0.033842668579372834), ('0414 singapore', 0.033842668579372834), ('looka', 0.02900278767157745), ('pants', 0.02900278767157745), ('mask looka', 0.02900278767157745), ('orchardgateway', 0.02900278767157745), ('available', 0.02752554211671108), ('wear', 0.02752554211671108)]",neutral,"['mask', 'singapore', '', ' singapore', 'looka', 'pants', 'mask looka', 'orchardgateway', 'available', 'wear ']"
