,Topic,Count,TopicLabel,WordScore,Sentiment
0,-1,52,-1_support_health_countries_time,"[('support', 0.05765832495394242), ('health', 0.04892526388451609), ('countries', 0.02950024416268169), ('time', 0.018243470048944586), ('vaccine', 0.016718679916089517), ('services', 0.016718679916089517), ('public', 0.016718679916089517), ('covid19', 0.015158810613961238), ('mental', 0.015158810613961238), ('mental health', 0.015158810613961238)]",neutral
