,Topic,Count,TopicLabel,WordScore,Sentiment
0,-1,7,-1_media_covid19_antivaxx_photo clearly,"[('media', 0.055084626313217276), ('covid19', 0.054912827663846794), ('antivaxx', 0.04473613233411012), ('photo clearly', 0.04473613233411012), ('narrativesthis', 0.04473613233411012), ('october careless', 0.04473613233411012), ('messages dont know', 0.04473613233411012), ('photo', 0.04473613233411012), ('messages', 0.04473613233411012), ('media platforms much', 0.04473613233411012)]",negative
1,0,94,0_support_health_jamaica_covid19,"[('support', 0.035308618721793264), ('health', 0.03423755577084851), ('jamaica', 0.01823125520974483), ('covid19', 0.018104999384654746), ('government', 0.013439533745118892), ('people', 0.013109426075683933), ('pnp', 0.011974967474781105), ('get', 0.011647595912436371), ('health services', 0.011222950034493867), ('services', 0.011222950034493867)]",negative
2,1,17,1_especially_support_mental_mental health,"[('especially', 0.08044380178164941), ('support', 0.06089785527496358), ('mental', 0.05313525365201616), ('mental health', 0.05313525365201616), ('copy', 0.05221514962264962), ('888newlife', 0.05221514962264962), ('888newlife 6395433', 0.05221514962264962), ('repost', 0.05221514962264962), ('copy repost', 0.05221514962264962), ('6395433', 0.05221514962264962)]",negative
