,Topic,Count,TopicLabel,WordScore,Sentiment
0,-1,19,-1_health_people_travel_canada,"[('health', 0.03560255936601952), ('people', 0.03198868608116866), ('travel', 0.03198868608116866), ('canada', 0.01598973530434442), ('austrian', 0.01598973530434442), ('condolence', 0.01598973530434442), ('still', 0.01598973530434442), ('voucher', 0.01598973530434442), ('today', 0.01598973530434442), ('many', 0.01598973530434442)]",negative
