,Topic,Count,TopicLabel,WordScore,Sentiment
0,-1,18,-1_health_around_thanks_world,"[('health', 0.054930614433405495), ('around', 0.02285332055621106), ('thanks', 0.0180357535097813), ('world', 0.0180357535097813), ('us', 0.0180357535097813), ('take', 0.0180357535097813), ('snow', 0.0180357535097813), ('nature health', 0.01286639014605367), ('view', 0.01286639014605367), ('nature', 0.01286639014605367)]",positive
