,Topic,Count,TopicLabel,WordScore,Sentiment
0,-1,11,-1_support_health_give right_science dr support,"[('support', 0.04859211932802793), ('health', 0.029250908594110548), ('give right', 0.027529270330992197), ('science dr support', 0.027529270330992197), ('coz works', 0.027529270330992197), ('coz', 0.027529270330992197), ('go science dr', 0.027529270330992197), ('doesnt give', 0.027529270330992197), ('give right go', 0.027529270330992197), ('right', 0.027529270330992197)]",neutral
1,0,20,0_support_life_home_people,"[('support', 0.05902841559587253), ('life', 0.024033974131310528), ('home', 0.02319050701316332), ('people', 0.022478183134554477), ('covid19', 0.02186184613247931), ('please', 0.02005398533627221), ('situation', 0.01922717930504842), ('time', 0.01922717930504842), ('stay', 0.018552405610530655), ('health', 0.016831528408901602)]",neutral
2,1,14,1_health_healthcare_malawi_need,"[('health', 0.05549975025356238), ('healthcare', 0.036043280531574434), ('malawi', 0.032771848068601846), ('need', 0.030126857993657656), ('tax', 0.028303166904635423), ('services', 0.026471018296613493), ('health services', 0.026471018296613493), ('amp', 0.02401803522416012), ('system', 0.023616206415741615), ('think', 0.023616206415741615)]",neutral
