,Topic,Count,TopicLabel,WordScore,Sentiment
0,-1,32,-1_health_covid19_donation_pandemic,"[('health', 0.06677783014127822), ('covid19', 0.04324896293290899), ('donation', 0.03978965523409708), ('pandemic', 0.03622949864679256), ('amp', 0.03067103257407275), ('support', 0.026793812578852355), ('covid19 pandemic', 0.02479471488673559), ('continue', 0.02479471488673559), ('hospital', 0.02274992067209424), ('public', 0.02274992067209424)]",positive
