,Topic,Count,TopicLabel,WordScore,Sentiment
0,0,181,0_covid19_health_donations_grant,False,negative
1,1,21,1_bail_sant_bapu_asharamji,"[('covid19', 0.031067628395522618), ('health', 0.017850464371733054), ('donations', 0.01779903085864866), ('grant', 0.017596902100833554), ('amp', 0.013696393783503465), ('donation', 0.013325199660190084), ('pm', 0.012934513471278122), ('may', 0.012540625317307144), ('allah', 0.012540625317307144), ('migrant', 0.012143410976183246)]",negative
