,Topic,Count,TopicLabel,WordScore,Sentiment
0,-1,14,-1_health_amp_donations_may,"[('health', 0.037048099456225406), ('amp', 0.03274951374622888), ('donations', 0.02827202828127564), ('may', 0.023578949660893116), ('religious', 0.023578949660893116), ('grant', 0.018614744405512165), ('colleges', 0.018614744405512165), ('patient', 0.013285123493693147), ('blood', 0.013285123493693147), ('bodies', 0.013285123493693147)]",neutral
