,Topic,Count,TopicLabel,WordScore,Sentiment
0,-1,36,-1_health_support_safe_testosterone,"[('health', 0.047003533856059126), ('support', 0.047003533856059126), ('safe', 0.03700866783245954), ('testosterone', 0.03700866783245954), ('amp', 0.027972074054365834), ('natural', 0.024117519732191766), ('wellness', 0.024117519732191766), ('health wellness', 0.024117519732191766), ('100 safe natural', 0.022125997471088375), ('safe natural', 0.022125997471088375)]",positive
