,Topic,Count,TopicLabel,WordScore,Sentiment
0,-1,21,-1_gift_egypt_stay_safe show egypt,"[('gift', 0.0751112429897575), ('egypt', 0.07239312411697321), ('stay', 0.07239312411697321), ('safe show egypt', 0.04232833078589238), ('everyone', 0.04232833078589238), ('soon amazing', 0.04232833078589238), ('show egypt see', 0.04232833078589238), ('egypt gift nile', 0.04232833078589238), ('soon', 0.04232833078589238), ('forever stay home', 0.04232833078589238)]",positive
