,Topic,Count,TopicLabel,WordScore,Sentiment
0,-1,11,-1_years_cancer_band_eons15,"[('years', 0.039702653262258324), ('cancer', 0.039702653262258324), ('band', 0.039702653262258324), ('eons15', 0.028687328776983725), ('fund', 0.028687328776983725), ('cancer nursing fund', 0.028687328776983725), ('cancer nursing', 0.028687328776983725), ('find', 0.028687328776983725), ('pay', 0.028687328776983725), ('nurse', 0.028687328776983725)]",neutral
