,Topic,Count,TopicLabel,WordScore,Sentiment
0,-1,21,-1_health_migrants_covid19_detention,"[('health', 0.04289089210865826), ('migrants', 0.027864478445020106), ('covid19', 0.02458267742545285), ('detention', 0.021174878921706646), ('migrant', 0.017615337717243537), ('immigration', 0.017615337717243537), ('rapid', 0.017615337717243537), ('people', 0.017615337717243537), ('spread', 0.017615337717243537), ('virus', 0.017615337717243537)]",negative
