,Topic,Count,TopicLabel,WordScore,Sentiment
0,-1,16,-1_free_gift_care_chocolate,"[('free', 0.05799913406057644), ('gift', 0.04461458463704274), ('care', 0.03360259631489604), ('chocolate', 0.03360259631489604), ('health', 0.029682678011054682), ('free gift', 0.029682678011054682), ('significantly hinder', 0.02560418915690707), ('health care protection', 0.02560418915690707), ('significantly', 0.02560418915690707), ('significantly hinder aid', 0.02560418915690707)]",neutral
