,Topic,Count,TopicLabel,WordScore,Sentiment
0,-1,44,-1_gift_amp_ada_covid,"[('gift', 0.033245500476008966), ('amp', 0.021102513575357255), ('ada', 0.019644434545458986), ('covid', 0.019644434545458986), ('chocolate', 0.019644434545458986), ('free', 0.019644434545458986), ('get', 0.018157871625615083), ('singapore', 0.016639947589638583), ('cococrunch', 0.015087142198406796), ('box', 0.015087142198406796)]",negative
