,Topic,Count,TopicLabel,WordScore,Sentiment
0,-1,4,-1_mask_singapore_check vtcosmetics_cica,"[('mask', 0.12392259629595476), ('singapore', 0.07418211076857949), ('check vtcosmetics', 0.0737517754146523), ('cica', 0.0737517754146523), ('vt cica', 0.0737517754146523), ('vtcosmetics', 0.0737517754146523), ('vt', 0.0737517754146523), ('masks', 0.0737517754146523), ('new', 0.07066218276741852), ('get shopee', 0.06630986488801983)]",positive
1,0,122,0_gift_health_singapore_birthday,"[('gift', 0.0412440333813729), ('health', 0.026991777470451946), ('singapore', 0.01693310146685785), ('birthday', 0.015181038210226235), ('care', 0.014234315802759377), ('happy', 0.014068897743089719), ('day', 0.013502518906321741), ('chocolate', 0.012928782087354164), ('gifts', 0.01221051641583449), ('safe', 0.011620962528609115)]",positive
2,1,15,1_free_local_shipping_ada,"[('free', 0.12673871856254043), ('local', 0.09314587131873762), ('shipping', 0.05670652983977133), ('ada', 0.05597516028029541), ('free gift', 0.05464903554406992), ('try proud', 0.053385797115284496), ('gift free postage', 0.053385797115284496), ('give try', 0.053385797115284496), ('proud local', 0.053385797115284496), ('supportlocal', 0.053385797115284496)]",positive
