,Topic,Count,TopicLabel,WordScore,Sentiment
0,-1,15,-1_care_care packages_packages_seeking sales,"[('care', 0.048485875459168076), ('care packages', 0.0365754280510926), ('packages', 0.0365754280510926), ('seeking sales', 0.03232859717741653), ('seeking', 0.03232859717741653), ('seeking sales rep', 0.03232859717741653), ('bonus points', 0.03232859717741653), ('bonus', 0.03232859717741653), ('work', 0.03232859717741653), ('selling', 0.03232859717741653)]",neutral
