,Topic,Count,TopicLabel,WordScore,Sentiment
0,-1,25,-1_care_covid19_packages_gift,"[('care', 0.057743111203817754), ('covid19', 0.036099299056145374), ('packages', 0.03344853224543283), ('gift', 0.027941856036736348), ('care packages', 0.027941856036736348), ('care package', 0.025069174897998852), ('package', 0.025069174897998852), ('see', 0.022101811756527135), ('free', 0.019023700882496254), ('come', 0.019023700882496254)]",negative
