,Topic,Count,TopicLabel,WordScore,Sentiment
0,-1,19,-1_covid_health_illegal_immigrants,"[('covid', 0.030425640097415142), ('health', 0.027311000426264363), ('illegal', 0.024091266663432382), ('immigrants', 0.024091266663432382), ('migrants', 0.024091266663432382), ('healthcare', 0.024091266663432382), ('people', 0.024091266663432382), ('access', 0.01725784916252542), ('grants', 0.01725784916252542), ('eu', 0.01725784916252542)]",negative
