,Topic,Count,TopicLabel,WordScore,Sentiment
0,-1,26,-1_health_access_covid19_migrants,"[('health', 0.06601401719618526), ('access', 0.03399464131812323), ('covid19', 0.03399464131812323), ('migrants', 0.03170083034026225), ('care', 0.026955121064989734), ('venezuelan', 0.02449171242396912), ('us', 0.02195789479653778), ('access health', 0.02195789479653778), ('panama', 0.019343453592992586), ('would', 0.019343453592992586)]",positive
