,Topic,Count,TopicLabel,WordScore,Sentiment
0,-1,28,-1_health_support_always_happy,"[('health', 0.06682475365147633), ('support', 0.0590954779773099), ('always', 0.035449516048557714), ('happy', 0.03306325045989785), ('mental', 0.025559365824865267), ('mental health', 0.022920333267905088), ('love', 0.022920333267905088), ('team', 0.020196378505982972), ('amp', 0.020196378505982972), ('always support', 0.020196378505982972)]",positive
