,Topic,Count,TopicLabel,WordScore,Sentiment
0,-1,19,-1_support_health_dont_mental health,"[('support', 0.04387582606061499), ('health', 0.04387582606061499), ('dont', 0.040692444765424905), ('mental health', 0.040692444765424905), ('mental', 0.040692444765424905), ('people', 0.027011061029715174), ('doctors', 0.019384244658620244), ('health services', 0.019384244658620244), ('mental health services', 0.019384244658620244), ('medical', 0.019384244658620244)]",negative
