,Topic,Count,TopicLabel,WordScore,Sentiment
0,-1,8,-1_learn_im_good_offer,"[('learn', 0.10880959353646065), ('im', 0.1033959130483047), ('good', 0.10223265032907193), ('offer', 0.06762751065271684), ('hope message', 0.06189117438652171), ('exposure', 0.06189117438652171), ('im cips student', 0.06189117438652171), ('new things', 0.06189117438652171), ('mind im eager', 0.06189117438652171), ('mind im', 0.06189117438652171)]",positive
1,0,85,0_health_support_mental health_mental,"[('health', 0.04134036196304652), ('support', 0.03204827796717551), ('mental health', 0.020723378048422603), ('mental', 0.020723378048422603), ('services', 0.020345436434688922), ('health services', 0.01660816120414683), ('amp', 0.013431316465261408), ('people', 0.012614230116431152), ('care', 0.012046829138317222), ('love', 0.010855833552275589)]",positive
2,1,40,1_covid19_coronavirus_director health_director health services,"[('covid19', 0.047760043065979106), ('coronavirus', 0.040106558962624286), ('director health', 0.03526320250488792), ('director health services', 0.03526320250488792), ('director', 0.03459834886931196), ('malaki', 0.03456550046302424), ('dr malaki', 0.03456550046302424), ('services', 0.034562993115542964), ('dr', 0.0337796543989194), ('health services', 0.03303612219718789)]",positive
3,2,31,2_covid19_health_support_supporting,"[('covid19', 0.04284097976238681), ('health', 0.0352777859669539), ('support', 0.03149208403477091), ('supporting', 0.02700007226122741), ('immune', 0.023889771082768702), ('let', 0.018068067423718828), ('defence', 0.018068067423718828), ('outbreak', 0.018068067423718828), ('us', 0.017754023309126434), ('one', 0.01691204397595573)]",positive
4,3,11,3_nurses_midwives_frontlines covid19_frontlines,"[('nurses', 0.14341359086341307), ('midwives', 0.09259654177087145), ('frontlines covid19', 0.07864136605348984), ('frontlines', 0.07864136605348984), ('health', 0.06870533840417245), ('nurses midwives', 0.06397405044760658), ('amp', 0.05964182533763014), ('salute nurses', 0.05631253424686409), ('salute', 0.05631253424686409), ('everywhere', 0.04838419978370859)]",positive
