,Topic,Count,TopicLabel,WordScore,Sentiment
0,-1,34,-1_health_services_health services_support,"[('health', 0.07131953428257405), ('services', 0.04359767602772571), ('health services', 0.04167325022717622), ('support', 0.029422220097893217), ('director', 0.025001294919461233), ('covid19', 0.025001294919461233), ('director health', 0.020350875709856175), ('case', 0.020350875709856175), ('director health services', 0.020350875709856175), ('roads', 0.017919997252530094)]",neutral
