,Topic,Count,TopicLabel,WordScore,Sentiment
0,-1,20,-1_gift_data_foodsafety_day,"[('gift', 0.06463525546248873), ('data', 0.03583485882412738), ('foodsafety', 0.03583485882412738), ('day', 0.03219873935310028), ('health', 0.03219873935310028), ('much', 0.02451892493028238), ('eat worldfoodsafety day', 0.020422547694212395), ('emergency love country', 0.020422547694212395), ('emergency love', 0.020422547694212395), ('emergency', 0.020422547694212395)]",positive
