,Topic,Count,TopicLabel,WordScore,Sentiment
0,-1,13,-1_working_hours_covid_need,"[('working', 0.040407377043402776), ('hours', 0.034806174176943296), ('covid', 0.033672814202835646), ('need', 0.03271529882244893), ('gift', 0.032683264563388846), ('stop', 0.028955479608476522), ('cant', 0.026938251362268517), ('covid19', 0.024924784814785193), ('working kicking courtesy', 0.022791230061402032), ('heart beat', 0.022791230061402032)]",neutral
1,0,28,0_health_gift_give_amp,"[('health', 0.04857034438820322), ('gift', 0.04516786562331688), ('give', 0.019544872591645907), ('amp', 0.017554583583703005), ('ur', 0.0168355951181954), ('copper', 0.014005639593230491), ('bottle', 0.014005639593230491), ('nature', 0.014005639593230491), ('copper bottle', 0.014005639593230491), ('world', 0.014005639593230491)]",neutral
2,1,20,1_provide_amp_provide food_food,"[('provide', 0.0322402275386326), ('amp', 0.027909360997131507), ('provide food', 0.02529983540077531), ('food', 0.024479165210204233), ('staff', 0.021751551755218833), ('get', 0.02059764363885129), ('daily', 0.01812629312934903), ('please', 0.017610856422568277), ('lockdown', 0.017610856422568277), ('use', 0.015586921482788774)]",neutral
