,Topic,Count,TopicLabel,WordScore,Sentiment
0,-1,43,-1_health_holiday_covid19_bonus,"[('health', 0.034871052866330896), ('holiday', 0.025134718306163848), ('covid19', 0.02094002614423542), ('bonus', 0.02094002614423542), ('travel', 0.01875859687496622), ('thanks', 0.016510493769043927), ('good', 0.016510493769043927), ('even', 0.016510493769043927), ('via', 0.016510493769043927), ('safe', 0.014184434401113255)]",positive
