,Topic,Count,TopicLabel,WordScore,Sentiment
0,-1,14,-1_covid_care_less_people,"[('covid', 0.0271350243807031), ('care', 0.0271350243807031), ('less', 0.0271350243807031), ('people', 0.022622091462111946), ('test', 0.022622091462111946), ('except', 0.022622091462111946), ('travel', 0.022622091462111946), ('health', 0.022622091462111946), ('amp', 0.022622091462111946), ('reform', 0.022622091462111946)]",neutral
