,Topic,Count,TopicLabel,WordScore,Sentiment
0,-1,58,-1_health_travel_covid19_people,"[('health', 0.032391812993890316), ('travel', 0.028141745334921458), ('covid19', 0.02020915604834948), ('people', 0.014007485289358542), ('covid', 0.014007485289358542), ('europe', 0.014007485289358542), ('money', 0.014007485289358542), ('restrictions', 0.012691994533590937), ('get', 0.012691994533590937), ('traveling', 0.012691994533590937)]",negative
