,Topic,Count,TopicLabel,WordScore,Sentiment
0,-1,14,-1_party_mask_require_get,"[('party', 0.038374687549249886), ('mask', 0.0345519888282995), ('require', 0.03366997101510167), ('get', 0.03156967658311652), ('worker', 0.028793324023582915), ('covid', 0.028793324023582915), ('supporters', 0.028793324023582915), ('worker party', 0.028793324023582915), ('dun', 0.02550309298597666), ('stay', 0.024518136291858422)]",neutral
1,0,29,0_health_support_mental_mental health,"[('health', 0.0518637789852866), ('support', 0.04166942749369205), ('mental', 0.02683145432395361), ('mental health', 0.024669441995946353), ('give', 0.0177855038729871), ('also', 0.01727599441414975), ('family', 0.015323835182411516), ('people', 0.015323835182411516), ('make', 0.014396662011791458), ('good', 0.014029154589625696)]",neutral
2,1,18,1_support_campaign_chart_singapore,"[('support', 0.031443587487579874), ('campaign', 0.029824159697878088), ('chart', 0.029824159697878088), ('singapore', 0.02980525970372974), ('strategy focused', 0.016836253795246548), ('4y1n', 0.016836253795246548), ('campaign singaporevotes', 0.016836253795246548), ('singaporeans', 0.016836253795246548), ('singaporeans navigate', 0.016836253795246548), ('singaporeans navigate postcovid', 0.016836253795246548)]",neutral
