,Topic,Count,TopicLabel,WordScore,Sentiment
0,-1,45,-1_health_covid19_sa_presentations covid19,"[('health', 0.037979091303848016), ('covid19', 0.0349168308517435), ('sa', 0.02516831679942738), ('presentations covid19', 0.01988390886567514), ('presentations', 0.01988390886567514), ('session', 0.01988390886567514), ('paper presentations covid19', 0.01988390886567514), ('paper presentations', 0.01988390886567514), ('paper', 0.01988390886567514), ('donations', 0.01988390886567514)]",neutral
