,Topic,Count,TopicLabel,WordScore,Sentiment
0,-1,30,-1_health_food_blood_good,"[('health', 0.048530588638709765), ('food', 0.03371916762848984), ('blood', 0.0267338627511338), ('good', 0.02177582129134335), ('safe', 0.02177582129134335), ('grant', 0.019182132951196647), ('charity', 0.019182132951196647), ('egypt', 0.019182132951196647), ('take', 0.016495105507085654), ('nurses', 0.016495105507085654)]",positive
