,Topic,Count,TopicLabel,WordScore,Sentiment
0,-1,10,-1_countries_african countries_african_egypt,"[('countries', 0.042813910921021214), ('african countries', 0.042813910921021214), ('african', 0.042813910921021214), ('egypt', 0.042813910921021214), ('vaccines', 0.037048099456225406), ('grant', 0.03098174417185784), ('countries part', 0.024537103188717057), ('part', 0.024537103188717057), ('cooperation efforts egypt', 0.024537103188717057), ('doses covid19 vaccines', 0.024537103188717057)]",negative
