,Topic,Count,TopicLabel,WordScore,Sentiment
0,-1,45,-1_health_japan_covid19_bonus,"[('health', 0.03138054915286886), ('japan', 0.029682678011054682), ('covid19', 0.026197635437656238), ('bonus', 0.02440556268353338), ('telos', 0.022576454118444465), ('travel', 0.020706560928224454), ('summer', 0.01682491931667364), ('traveling', 0.014800032476459593), ('photography', 0.014800032476459593), ('covidvaccine', 0.014800032476459593)]",positive
