,Topic,Count,TopicLabel,WordScore,Sentiment
0,-1,61,-1_japan_covid19_page_people,"[('japan', 0.0247823141731617), ('covid19', 0.021348086094615797), ('page', 0.021348086094615797), ('people', 0.018975521356292085), ('covid', 0.01776061402115722), ('health', 0.01776061402115722), ('better', 0.0165245100734977), ('following', 0.015265265628226601), ('please refer', 0.013980546223058542), ('jntosafetravel', 0.013980546223058542)]",negative
