,Topic,Count,TopicLabel,WordScore,Sentiment
0,-1,19,-1_get_go_job_insurance,"[('get', 0.03987707683353433), ('go', 0.032628033040789595), ('job', 0.02881582079614906), ('insurance', 0.02485068566473586), ('complicated', 0.020701320502313273), ('bonus', 0.020701320502313273), ('medical', 0.020701320502313273), ('time', 0.020701320502313273), ('health', 0.020701320502313273), ('salary', 0.020701320502313273)]",neutral
