Unnamed: 0,Topic,Count,TopicLabel,WordScore,Sentiment,TopicWords
0,-1,29,-1_need_safety_health_tests,"[('need', 0.04507576122123472), ('safety', 0.0306346833486844), ('health', 0.024840503521741573), ('tests', 0.024574006037874227), ('red', 0.024574006037874227), ('test', 0.020932652949189525), ('want', 0.018436505139408504), ('dont', 0.018248554063388895), ('health care', 0.01804342064189695), ('bull', 0.0177023205408984)]",negative,"['need', 'safety', 'health', 'tests', 'red', 'test', 'want', 'dont', 'health care', 'bull ']"
1,0,339,0_health_covid_people_covid19,"[('health', 0.029971447250051086), ('covid', 0.016461924498284455), ('people', 0.015334721013999658), ('covid19', 0.01335548520905416), ('coronavirus', 0.012669106647732917), ('care', 0.010157767348205823), ('dont', 0.008669237938569321), ('like', 0.008553958170783285), ('get', 0.008366762961152099), ('would', 0.008176854129276023)]",negative,"['health', 'covid', 'people', 'covid', 'coronavirus', 'care', 'dont', 'like', 'get', 'would ']"
2,1,23,1_mask_stand_wearing_wear,"[('mask', 0.11129571761085856), ('stand', 0.04207367700423921), ('wearing', 0.03675935783717791), ('wear', 0.035061397503532675), ('wearing mask', 0.030308518501841197), ('sarscov2', 0.025874141810346342), ('medical', 0.023618080483076433), ('condolence', 0.02360273426885064), ('wear mask', 0.022055614702306745), ('dont', 0.020829157668312576)]",negative,"['mask', 'stand', 'wearing', 'wear', 'wearing mask', 'sarscov', 'medical', 'condolence', 'wear mask', 'dont ']"
