Unnamed: 0,Topic,Count,TopicLabel,WordScore,Sentiment,TopicWords
0,-1,34,-1_health_safe_mask_dont,"[('health', 0.03264888209707847), ('safe', 0.025310252934046432), ('mask', 0.023886769097042935), ('dont', 0.022519634629697503), ('wear', 0.018505377847031067), ('people', 0.01693015951178509), ('one', 0.016700636230870227), ('like', 0.016377564031658555), ('baby', 0.015353041801394806), ('least', 0.01435617089210183)]",neutral,"['health', 'safe', 'mask', 'dont', 'wear', 'people', 'one', 'like', 'baby', 'least ']"
1,0,63,0_health_covid_people_thats,"[('health', 0.02282449308190472), ('covid', 0.022785768112704045), ('people', 0.020174485233206464), ('thats', 0.013572205014963885), ('czech', 0.01301220096312169), ('good', 0.011877275566785124), ('much', 0.011144547913005384), ('care', 0.010734028488692818), ('country', 0.010264345972634922), ('first', 0.009993581787793892)]",neutral,"['health', 'covid', 'people', 'thats', 'czech', 'good', 'much', 'care', 'country', 'first ']"
2,1,26,1_health_mental health_mental_better,"[('health', 0.08074534955208891), ('mental health', 0.06841373215373436), ('mental', 0.06841373215373436), ('better', 0.03370176942075279), ('extra', 0.0221905384360774), ('exercise', 0.018619103003307727), ('men', 0.018619103003307727), ('benefits', 0.018619103003307727), ('mentalhealth', 0.018619103003307727), ('something', 0.017798562031188406)]",neutral,"['health', 'mental health', 'mental', 'better', 'extra', 'exercise', 'men', 'benefits', 'mentalhealth', 'something ']"
