Unnamed: 0,Topic,Count,TopicLabel,WordScore,Sentiment,TopicWords
0,-1,50,-1_health_im_worker_salary,"[('health', 0.02149513117225028), ('im', 0.020070293384879322), ('worker', 0.018504362838113533), ('salary', 0.015378357706935563), ('need', 0.014776255293270564), ('data', 0.013547133887336813), ('service', 0.013547133887336813), ('care', 0.010820033277540522), ('like', 0.010280201576729741), ('end', 0.009673228484054473)]",neutral,"['health', 'im', 'worker', 'salary', 'need', 'data', 'service', 'care', 'like', 'end ']"
1,0,48,0_health_covid19_covid_big,"[('health', 0.028180336553858203), ('covid19', 0.020172889962439162), ('covid', 0.019245075181565496), ('big', 0.01291667703219401), ('many', 0.01291667703219401), ('denmark', 0.012266152750226597), ('care', 0.012035905348455972), ('people', 0.01177379463782809), ('would', 0.011170356981995954), ('countries', 0.011107745460528612)]",neutral,"['health', 'covid', 'covid', 'big', 'many', 'denmark', 'care', 'people', 'would', 'countries ']"
2,1,20,1_mental health_mental_health_also,"[('mental health', 0.06549896805460304), ('mental', 0.06394953704931601), ('health', 0.05955115496269867), ('also', 0.02236795677435251), ('ppl', 0.02143934545278564), ('gender', 0.02143934545278564), ('trans', 0.016837076101574977), ('healthcare', 0.01637474201365076), ('need', 0.01637474201365076), ('better', 0.014607411014503436)]",neutral,"['mental health', 'mental', 'health', 'also', 'ppl', 'gender', 'trans', 'healthcare', 'need', 'better ']"
3,2,16,2_people_home_work_job,"[('people', 0.045770383125985865), ('home', 0.04432920946458755), ('work', 0.040009433163488727), ('job', 0.037783489385041336), ('care', 0.03509199981905034), ('healthcare', 0.029951868837710602), ('get', 0.026672955442325817), ('patients', 0.022670093631024804), ('take', 0.021375323453655608), ('need', 0.017971121302626365)]",neutral,"['people', 'home', 'work', 'job', 'care', 'healthcare', 'get', 'patients', 'take', 'need ']"
