Unnamed: 0,Topic,Count,TopicLabel,WordScore,Sentiment,TopicWords
0,-1,54,-1_health_covid_gun_worker,"[('health', 0.022903288681943537), ('covid', 0.013520001585072525), ('gun', 0.009750742746051082), ('worker', 0.009750742746051082), ('work', 0.009195141146654477), ('medical', 0.009195141146654477), ('safety', 0.008974835812605114), ('would', 0.008450000990670328), ('hospitals', 0.008095607493587375), ('improve', 0.008095607493587375)]",neutral,"['health', 'covid', 'gun', 'worker', 'work', 'medical', 'safety', 'would', 'hospitals', 'improve ']"
1,0,46,0_health_mental_mental health_us,"[('health', 0.07480749485076363), ('mental', 0.027131834871152217), ('mental health', 0.020075691840405672), ('us', 0.01869118914064656), ('think', 0.017207735863204864), ('may', 0.01686745651827443), ('better', 0.016559807136261723), ('care', 0.014339779886004052), ('would', 0.013799839280218102), ('problems', 0.013221073276865097)]",neutral,"['health', 'mental', 'mental health', 'us', 'think', 'may', 'better', 'care', 'would', 'problems ']"
2,1,20,1_greece_greek_amp_health,"[('greece', 0.03481300212620475), ('greek', 0.030665497175570974), ('amp', 0.029659008794032826), ('health', 0.028153358277169107), ('im', 0.023275880858550733), ('wearing', 0.021892960049862634), ('mask', 0.021095155274252448), ('uk', 0.020443664783713983), ('jamaica', 0.01719156343579422), ('shop', 0.01719156343579422)]",neutral,"['greece', 'greek', 'amp', 'health', 'im', 'wearing', 'mask', 'uk', 'jamaica', 'shop ']"
3,2,19,2_covid19_day_education_good,"[('covid19', 0.06935631511852415), ('day', 0.052719969089135565), ('education', 0.043401642503162266), ('good', 0.040037420921412575), ('coronavirus', 0.03834902705239557), ('people', 0.03603367882927132), ('children', 0.030381149752213586), ('healthcare', 0.029827021040752105), ('safe', 0.02696967677606292), ('lot', 0.023825323620117796)]",neutral,"['covid', 'day', 'education', 'good', 'coronavirus', 'people', 'children', 'healthcare', 'safe', 'lot ']"
