Unnamed: 0,Topic,Count,TopicLabel,WordScore,Sentiment,TopicWords
0,-1,18,-1_okay_talk_hospital_health,"[('okay', 0.03966772401149728), ('talk', 0.033291001271339035), ('hospital', 0.032142230178865014), ('health', 0.03136016758451852), ('way', 0.028334088579640912), ('okay talk', 0.027758767956201972), ('amp', 0.02081907596715148), ('feel', 0.019974600762803423), ('covid19', 0.019285338107319007), ('vaccine', 0.015631096889972766)]",neutral,"['okay', 'talk', 'hospital', 'health', 'way', 'okay talk', 'amp', 'feel', 'covid', 'vaccine ']"
1,0,38,0_health_mental_mental health_better,"[('health', 0.06962486670430064), ('mental', 0.055781273165159365), ('mental health', 0.05187325980599164), ('better', 0.03476854843304909), ('need', 0.024998709464620104), ('way', 0.01836188574072828), ('people', 0.017978507873433608), ('like', 0.016834146573975178), ('etc', 0.014990874686819547), ('want', 0.014382806298746886)]",neutral,"['health', 'mental', 'mental health', 'better', 'need', 'way', 'people', 'like', 'etc', 'want ']"
2,1,16,1_covid_back_im_team,"[('covid', 0.04377851912930309), ('back', 0.03988707944336335), ('im', 0.03804491096646872), ('team', 0.03074336018072217), ('certified', 0.029915309582522517), ('long', 0.02736104166988177), ('fit', 0.0228142374140035), ('order', 0.0228142374140035), ('ill', 0.021888833335905418), ('take care', 0.021133516342603745)]",neutral,"['covid', 'back', 'im', 'team', 'certified', 'long', 'fit', 'order', 'ill', 'take care ']"
3,2,15,2_kuwait_health_man_ministry,"[('kuwait', 0.07382401956246001), ('health', 0.0647969343693587), ('man', 0.0512327668911606), ('ministry', 0.04140519889659551), ('kuwait health', 0.036871494810510705), ('forman kuwait health', 0.036871494810510705), ('forman kuwait', 0.036871494810510705), ('forman', 0.036871494810510705), ('cream', 0.036871494810510705), ('cream healthcare', 0.036871494810510705)]",neutral,"['kuwait', 'health', 'man', 'ministry', 'kuwait health', 'forman kuwait health', 'forman kuwait', 'forman', 'cream', 'cream healthcare ']"
