Unnamed: 0,Topic,Count,TopicLabel,WordScore,Sentiment,TopicWords
0,-1,25,-1_gibraltar_much_health_bill,"[('gibraltar', 0.03308503352195246), ('much', 0.032331865578161784), ('health', 0.031015260122866487), ('bill', 0.026992824317677765), ('waste', 0.026992824317677765), ('like', 0.020207415986351115), ('bacteria', 0.019452023905086224), ('exo', 0.019452023905086224), ('poop', 0.019452023905086224), ('poor', 0.019452023905086224)]",neutral,"['gibraltar', 'much', 'health', 'bill', 'waste', 'like', 'bacteria', 'exo', 'poop', 'poor ']"
1,0,21,0_covid_health_fit_days,"[('covid', 0.034339312824174295), ('health', 0.03422437495615351), ('fit', 0.02361117375321321), ('days', 0.021171799239474657), ('gym', 0.018650924088751707), ('exercise', 0.018650924088751707), ('weeks', 0.018650924088751707), ('please', 0.018650924088751707), ('appreciate', 0.016382158179643246), ('got', 0.01332060514189791)]",neutral,"['covid', 'health', 'fit', 'days', 'gym', 'exercise', 'weeks', 'please', 'appreciate', 'got ']"
2,1,17,1_going_get_safety_health,"[('going', 0.03009475861972935), ('get', 0.029347060984616483), ('safety', 0.026603504736172796), ('health', 0.023342778816248296), ('need', 0.02205705774134564), ('like', 0.019119324356316827), ('announced', 0.018172695265963202), ('restrictions', 0.018172695265963202), ('vaccine', 0.018172695265963202), ('people', 0.018012703205174)]",neutral,"['going', 'get', 'safety', 'health', 'need', 'like', 'announced', 'restrictions', 'vaccine', 'people ']"
3,2,12,2_mental health_mental_health_lot,"[('mental health', 0.09802261744210966), ('mental', 0.09802261744210966), ('health', 0.07258751153491164), ('lot', 0.032964423970816975), ('people', 0.03267420581403655), ('might', 0.03000785762485395), ('isnt', 0.021976282647211316), ('though', 0.02086568843307214), ('appreciate', 0.019303008087641658), ('good', 0.018196830793324723)]",neutral,"['mental health', 'mental', 'health', 'lot', 'people', 'might', 'isnt', 'though', 'appreciate', 'good ']"
