Unnamed: 0,Topic,Count,TopicLabel,WordScore,Sentiment,TopicWords
0,-1,124,-1_health_healthcare_people_amp,"[('health', 0.035214657842716685), ('healthcare', 0.01497792022629614), ('people', 0.013195160738017794), ('amp', 0.011931526219879285), ('waste', 0.011136908865162616), ('get', 0.010951257768731352), ('via', 0.010295065525118732), ('gibraltar', 0.010111885946413698), ('mental health', 0.009393411864252693), ('mental', 0.009236612516612456)]",negative,"['health', 'healthcare', 'people', 'amp', 'waste', 'get', 'via', 'gibraltar', 'mental health', 'mental ']"
1,0,137,0_covid_people_amp_vaccine,"[('covid', 0.02231167632573122), ('people', 0.015658836144234536), ('amp', 0.015509137100360117), ('vaccine', 0.015140924539888134), ('health', 0.014619052273759385), ('lockdown', 0.013357934921321823), ('care', 0.012314841880393806), ('get', 0.011352803886918169), ('safe', 0.010094819945294558), ('go', 0.00957380322928534)]",negative,"['covid', 'people', 'amp', 'vaccine', 'health', 'lockdown', 'care', 'get', 'safe', 'go ']"
2,1,96,1_health_mental_mental health_people,"[('health', 0.050212861915471446), ('mental', 0.04936972329853265), ('mental health', 0.04555894443009128), ('people', 0.019199336838318252), ('like', 0.013570505496135983), ('dont', 0.012445167960830878), ('gun', 0.010975515050447833), ('lose', 0.010975515050447833), ('problem', 0.01043595114796235), ('get', 0.010117075392543244)]",negative,"['health', 'mental', 'mental health', 'people', 'like', 'dont', 'gun', 'lose', 'problem', 'get ']"
3,2,18,2_covid19_24 hours_24_hours,"[('covid19', 0.10391762495463717), ('24 hours', 0.08431268220041108), ('24', 0.08431268220041108), ('hours', 0.0821990883904653), ('cases', 0.08209394305066306), ('morocco', 0.07747793470541943), ('new', 0.06879792905947299), ('new covid19', 0.06650002041635047), ('ministry', 0.05850228927008289), ('covid19 cases', 0.05135070381205506)]",negative,"['covid', ' hours', '', 'hours', 'cases', 'morocco', 'new', 'new covid', 'ministry', 'covid cases ']"
