Unnamed: 0,Topic,Count,TopicLabel,WordScore,Sentiment,TopicWords
0,-1,56,-1_health_people_would_immunity,"[('health', 0.02730186440109429), ('people', 0.016819634364637043), ('would', 0.013996696892502917), ('immunity', 0.01233644727098808), ('youre', 0.011997168765002501), ('want', 0.011703456875867223), ('good', 0.011703456875867223), ('know', 0.01100384185643223), ('care', 0.010637423990132991), ('force', 0.01061498415741427)]",neutral,"['health', 'people', 'would', 'immunity', 'youre', 'want', 'good', 'know', 'care', 'force ']"
1,0,21,0_health_dont_care_work,"[('health', 0.04260032290170747), ('dont', 0.030683625297256767), ('care', 0.023711499288350632), ('work', 0.022285381223988637), ('lot', 0.01965994090405398), ('days', 0.017391836572512046), ('mental', 0.017391836572512046), ('know', 0.016352178785010125), ('healthy', 0.015451984580467187), ('affordable', 0.015451984580467187)]",neutral,"['health', 'dont', 'care', 'work', 'lot', 'days', 'mental', 'know', 'healthy', 'affordable ']"
2,1,13,1_covid19_peru_covid_doctors,"[('covid19', 0.05299117969429465), ('peru', 0.04793490676327879), ('covid', 0.03052901945446555), ('doctors', 0.028815653455039413), ('wave', 0.026869999471105202), ('minsa', 0.026869999471105202), ('health', 0.026759769620567146), ('continue', 0.021611740091279558), ('positive', 0.021611740091279558), ('likely', 0.021611740091279558)]",neutral,"['covid', 'peru', 'covid', 'doctors', 'wave', 'minsa', 'health', 'continue', 'positive', 'likely ']"
