Unnamed: 0,Topic,Count,TopicLabel,WordScore,Sentiment,TopicWords
0,-1,19,-1_health_vaccination_im_dont,"[('health', 0.08175012853760028), ('vaccination', 0.024684523461165325), ('im', 0.024684523461165325), ('dont', 0.023349329388473138), ('care', 0.021102310627875865), ('state', 0.02042541052146992), ('gonna', 0.02042541052146992), ('year', 0.017499505414853126), ('representative', 0.016745214360716645), ('reason', 0.016745214360716645)]",neutral,"['health', 'vaccination', 'im', 'dont', 'care', 'state', 'gonna', 'year', 'representative', 'reason ']"
1,0,34,0_amp_health_public_uk,"[('amp', 0.03529640068153941), ('health', 0.034814855353691734), ('public', 0.021993696977122335), ('uk', 0.018373627022531154), ('care', 0.016176280447564965), ('year', 0.014372676609898542), ('tier', 0.013979815100009129), ('healthcare', 0.01163845335879211), ('agree', 0.01163845335879211), ('home', 0.01163845335879211)]",neutral,"['amp', 'health', 'public', 'uk', 'care', 'year', 'tier', 'healthcare', 'agree', 'home ']"
2,1,11,1_covid_people_people covid_tested,"[('covid', 0.06626237996392537), ('people', 0.06484446576459066), ('people covid', 0.06148168517885596), ('tested', 0.05299325258840669), ('hard', 0.044117858081002645), ('okay', 0.044117858081002645), ('nurse', 0.044117858081002645), ('covid19', 0.039799351557110674), ('believe hard nurse', 0.034756055388231635), ('believe hard', 0.034756055388231635)]",neutral,"['covid', 'people', 'people covid', 'tested', 'hard', 'okay', 'nurse', 'covid', 'believe hard nurse', 'believe hard ']"
