,Topic,Count,TopicLabel,WordScore,Sentiment
0,-1,15,-1_health_children_russian_stop,"[('health', 0.05617062689287101), ('children', 0.03940750391960077), ('russian', 0.03940750391960077), ('stop', 0.03940750391960077), ('dont', 0.030102306881950015), ('covid19', 0.030102306881950015), ('supporting', 0.030102306881950015), ('lives children', 0.025120348822757262), ('service', 0.025120348822757262), ('stop supporting aggressor', 0.025120348822757262)]",negative
