,Topic,Count,TopicLabel,WordScore,Sentiment
0,-1,10,-1_amp_health_support_supporting,"[('amp', 0.05904888054543492), ('health', 0.052404085838276555), ('support', 0.04543851949244741), ('supporting', 0.03808571689674725), ('world', 0.03808571689674725), ('solidarity', 0.030245079744133294), ('taiwans', 0.030245079744133294), ('assembly', 0.030245079744133294), ('pandemic', 0.030245079744133294), ('health assembly', 0.030245079744133294)]",positive
