,Topic,Count,TopicLabel,WordScore,Sentiment
0,-1,3,-1_able_able breathe_thats_one beautiful gifts,"[('able', 0.19291453546524404), ('able breathe', 0.19291453546524404), ('thats', 0.19291453546524404), ('one beautiful gifts', 0.19291453546524404), ('one beautiful', 0.19291453546524404), ('thats one', 0.19291453546524404), ('thats one beautiful', 0.19291453546524404), ('health able breathe', 0.19291453546524404), ('health able', 0.19291453546524404), ('top', 0.19291453546524404)]",positive
1,0,74,0_gift_health_amp_life,"[('gift', 0.04051783595010062), ('health', 0.031249187365287923), ('amp', 0.022423066020227776), ('life', 0.019386914552969415), ('god', 0.017396335687257413), ('good', 0.01628500822449431), ('thank', 0.01565938705548624), ('love', 0.014951880195944171), ('happy', 0.01492037213097988), ('good health', 0.013442623031062547)]",positive
2,1,36,1_thank_good health_baba_good,"[('thank', 0.11643415639512493), ('good health', 0.11105731070894181), ('baba', 0.11076385785284594), ('good', 0.10891325599109052), ('grateful baba god', 0.10782375140568812), ('baba god thank', 0.10782375140568812), ('baba god', 0.10782375140568812), ('thank gifts', 0.10782375140568812), ('thank gifts life', 0.10782375140568812), ('gifts life good', 0.10782375140568812)]",positive
