,Topic,Count,TopicLabel,WordScore,Sentiment
0,-1,13,-1_support_health_im_pool,"[('support', 0.04778329582904959), ('health', 0.043557738291154995), ('im', 0.03918928102117917), ('pool', 0.034657000052630574), ('right', 0.029932909385181967), ('swimmingpool', 0.029932909385181967), ('corona', 0.02497763133942852), ('dont', 0.02497763133942852), ('waiting corona', 0.019731569617198418), ('waiting corona coronavirus', 0.019731569617198418)]",neutral
