,Topic,Count,TopicLabel,WordScore,Sentiment
0,-1,35,-1_support_health_amp_democrats,"[('support', 0.03903017382712289), ('health', 0.03738702568289517), ('amp', 0.03572057297070923), ('democrats', 0.01734000543636149), ('dem', 0.01734000543636149), ('police', 0.01525552116787347), ('get', 0.01525552116787347), ('democrat', 0.013100113612997278), ('hard', 0.013100113612997278), ('party', 0.013100113612997278)]",negative
