,Topic,Count,TopicLabel,WordScore,Sentiment
0,-1,10,-1_taiwan_care_quarantine_package,"[('taiwan', 0.06420447759269973), ('care', 0.04688897806259785), ('quarantine', 0.04688897806259785), ('package', 0.04688897806259785), ('uber', 0.04688897806259785), ('uber eats', 0.04688897806259785), ('care package', 0.04688897806259785), ('eats', 0.04688897806259785), ('thank', 0.040610174205473006), ('day', 0.040610174205473006)]",positive
