,Topic,Count,TopicLabel,WordScore,Sentiment
0,-1,6,-1_thingyan_myanmar_year_covid19,"[('thingyan', 0.09690822028451072), ('myanmar', 0.07913388673607628), ('year', 0.07107590213288122), ('covid19', 0.06945696599367143), ('lov', 0.05001402608021562), ('nature', 0.05001402608021562), ('new year', 0.04810092878148454), ('new', 0.04810092878148454), ('myanmar new', 0.03936171649692299), ('home healthy prepare', 0.03936171649692299)]",neutral
1,0,48,0_travel_health_covid19_thailand,"[('travel', 0.03183216147886997), ('health', 0.02743758429158553), ('covid19', 0.020351284931983123), ('thailand', 0.019013296623724276), ('lockdown', 0.01785055063018621), ('back', 0.01159333879403764), ('quarantine', 0.01159333879403764), ('allowances', 0.01159333879403764), ('travellers', 0.01159333879403764), ('amp', 0.01159333879403764)]",neutral
2,1,11,1_good health_sale_health_want,"[('good health', 0.08797003005371663), ('sale', 0.08797003005371663), ('health', 0.0820896830837681), ('want', 0.07971231572700208), ('good', 0.07971231572700208), ('sale want', 0.07576873944237911), ('health sale', 0.07576873944237911), ('health sale want', 0.07576873944237911), ('good health sale', 0.07576873944237911), ('sale want good', 0.06302580522303596)]",neutral
