,Topic,Count,TopicLabel,WordScore,Sentiment
0,-1,10,-1_meet_objections_please_health,"[('meet', 0.037908370474764426), ('objections', 0.030102306881950015), ('please', 0.030102306881950015), ('health', 0.030102306881950015), ('1944', 0.021641402417558638), ('health reasons lets', 0.021641402417558638), ('graves rene', 0.021641402417558638), ('ww2travel battlefieldtour', 0.021641402417558638), ('first meal', 0.021641402417558638), ('lockdown complaints objections', 0.021641402417558638)]",positive
