,Topic,Count,TopicLabel,WordScore,Sentiment
0,-1,19,-1_go_amp_people_stay,"[('go', 0.03711534503673623), ('amp', 0.031038579782782), ('people', 0.027864478445020106), ('stay', 0.027864478445020106), ('health', 0.02458267742545285), ('healthcare', 0.02458267742545285), ('dont', 0.02458267742545285), ('dont go', 0.017615337717243537), ('children', 0.017615337717243537), ('mean', 0.017615337717243537)]",negative
