,Topic,Count,TopicLabel,WordScore,Sentiment
0,-1,14,-1_health_response_people_covid19,"[('health', 0.0656731989484945), ('response', 0.038239183541145035), ('people', 0.033810448013145), ('covid19', 0.033810448013145), ('pandemic', 0.0291956569169054), ('country', 0.0291956569169054), ('covid19 pandemic', 0.0291956569169054), ('monitors defibrillators ecg', 0.024356629601171707), ('medical', 0.024356629601171707), ('medical equipment', 0.024356629601171707)]",positive
