,Topic,Count,TopicLabel,WordScore,Sentiment
0,-1,57,-1_health_covid19_care_new,"[('health', 0.042813910921021214), ('covid19', 0.0267338627511338), ('care', 0.020748588225480376), ('new', 0.020748588225480376), ('safe', 0.020748588225480376), ('day', 0.019182132951196647), ('stay', 0.019182132951196647), ('healthy', 0.01758217689508201), ('stay safe', 0.015944958037883147), ('travel', 0.015944958037883147)]",positive
