,Topic,Count,TopicLabel,WordScore,Sentiment
0,-1,15,-1_helsinki_travel_bonus_ok,"[('helsinki', 0.036668902708383556), ('travel', 0.03241183208556608), ('bonus', 0.02333156202625709), ('ok', 0.02333156202625709), ('time', 0.02333156202625709), ('getting 750 bonus', 0.018417317918397926), ('see berlin covid19', 0.018417317918397926), ('snowed', 0.018417317918397926), ('snowed last', 0.018417317918397926), ('snowed last days', 0.018417317918397926)]",neutral
