,Topic,Count,TopicLabel,WordScore,Sentiment
0,-1,43,-1_health_travel_want_get,"[('health', 0.04145630883942379), ('travel', 0.02951357502849117), ('want', 0.022229431656966555), ('get', 0.022229431656966555), ('covid19', 0.02069703502163477), ('people', 0.017538172111530175), ('finnish', 0.015904889631517354), ('message', 0.014229761263278535), ('travelling', 0.014229761263278535), ('come japan', 0.012506738281165454)]",negative
