,Topic,Count,TopicLabel,WordScore,Sentiment
0,-1,12,-1_health_support_gop_anyone,"[('health', 0.03727329711897993), ('support', 0.02689943299919174), ('gop', 0.02689943299919174), ('anyone', 0.02689943299919174), ('gun', 0.02126776348159452), ('dont', 0.02126776348159452), ('mental health', 0.02126776348159452), ('mental', 0.02126776348159452), ('services', 0.02126776348159452), ('americans', 0.02126776348159452)]",negative
