,Topic,Count,TopicLabel,WordScore,Sentiment
0,-1,12,-1_need_health_support_justice4tigraywomen,"[('need', 0.04931977690381412), ('health', 0.04931977690381412), ('support', 0.044413705658210165), ('justice4tigraywomen', 0.03399464131812323), ('victims still need', 0.03399464131812323), ('victims', 0.03399464131812323), ('victims still', 0.03399464131812323), ('still need', 0.03399464131812323), ('still', 0.03399464131812323), ('raped', 0.03399464131812323)]",negative
