,Topic,Count,TopicLabel,WordScore,Sentiment
0,-1,10,-1_health_support_amp_people,"[('health', 0.06628182669221042), ('support', 0.04844549884681426), ('amp', 0.04197200817103042), ('people', 0.03514770962837774), ('spend time people', 0.03514770962837774), ('time', 0.03514770962837774), ('time people', 0.03514770962837774), ('spend', 0.03514770962837774), ('spend time', 0.03514770962837774), ('good', 0.027881633058827886)]",positive
