,Topic,Count,TopicLabel,WordScore,Sentiment
0,-1,52,-1_travel_get_people_message,"[('travel', 0.0260935251875142), ('get', 0.021737760615571172), ('people', 0.01972724536769376), ('message', 0.016909067458023223), ('covid19', 0.016748836493475677), ('health', 0.01565611511250852), ('singapore', 0.01439873811826766), ('mandated', 0.01439873811826766), ('miss', 0.012921093946157123), ('dont', 0.012669656940314546)]",neutral
1,0,29,0_amp_nz_covid19_self,"[('amp', 0.03317164457079244), ('nz', 0.022356064166084183), ('covid19', 0.018793601135369674), ('self', 0.017047088408528744), ('people', 0.016865238874669092), ('get', 0.016261061984587457), ('health', 0.015615534202419075), ('bonus', 0.015172532901238451), ('available', 0.014676686870018836), ('monitoring', 0.014676686870018836)]",neutral
2,1,16,1_need_work_daw_health,"[('need', 0.03396396092200563), ('work', 0.02911196650457626), ('daw', 0.024988170603656483), ('health', 0.02398277506088089), ('family', 0.022620732258786448), ('nurses', 0.022056665716199825), ('us', 0.021115020069888434), ('travel', 0.019985645884067406), ('na', 0.019655097443983808), ('back', 0.017454264087076406)]",neutral
3,2,15,2_testing_passport_border_prove,"[('testing', 0.03661293777968528), ('passport', 0.03242993009423406), ('border', 0.026963180651368164), ('prove', 0.026963180651368164), ('privacy', 0.026963180651368164), ('going', 0.024408625186456857), ('covid19', 0.023070419110428977), ('one', 0.02195486713828504), ('system', 0.021208593118250567), ('modern electronics passports', 0.021208593118250567)]",neutral
4,3,11,3_message_gods_isaiah_messages,"[('message', 0.06740271917659534), ('gods', 0.04334964403065268), ('isaiah', 0.04334964403065268), ('messages', 0.03366908833310109), ('would', 0.028698037437376013), ('health', 0.02773698478495985), ('pass would', 0.024222724011227346), ('pass', 0.024222724011227346), ('principle public health', 0.024222724011227346), ('gods people', 0.024222724011227346)]",neutral
