,Topic,Count,TopicLabel,WordScore,Sentiment
0,-1,12,-1_health_care_mental_mental health,"[('health', 0.05565065165165341), ('care', 0.029275613278486354), ('mental', 0.029275613278486354), ('mental health', 0.023169746360742084), ('issue', 0.023169746360742084), ('time', 0.023169746360742084), ('scarcity', 0.023169746360742084), ('pushing travel', 0.016587903360100045), ('really', 0.016587903360100045), ('pushing travel restrictions', 0.016587903360100045)]",negative
