,Topic,Count,TopicLabel,WordScore,Sentiment
0,-1,26,-1_health_take_primeshred_violence,"[('health', 0.05528804174146066), ('take', 0.029076611809122316), ('primeshred', 0.023010351058535758), ('violence', 0.023010351058535758), ('fitness', 0.023010351058535758), ('get', 0.023010351058535758), ('people', 0.023010351058535758), ('weightloss', 0.019811230796197732), ('community', 0.019811230796197732), ('bonuses', 0.019811230796197732)]",positive
