,Topic,Count,TopicLabel,WordScore,Sentiment
0,-1,25,-1_health_support_amp_mental health,"[('health', 0.049967720146205735), ('support', 0.04765323935941024), ('amp', 0.030149734054661873), ('mental health', 0.027409844733879613), ('mental', 0.027409844733879613), ('care', 0.02458920307497066), ('take', 0.021676078456621953), ('take care', 0.015503237849707772), ('healthcare', 0.015503237849707772), ('services', 0.015503237849707772)]",positive
