,Topic,Count,TopicLabel,WordScore,Sentiment
0,-1,13,-1_gift_want_help_healthcare,"[('gift', 0.04225141708153292), ('want', 0.02698305944979572), ('help', 0.02698305944979572), ('healthcare', 0.02698305944979572), ('staff', 0.02698305944979572), ('one', 0.021334653271115313), ('doctors', 0.021334653271115313), ('need', 0.021334653271115313), ('hospitals healthcare centres', 0.01525552116787347), ('food', 0.01525552116787347)]",neutral
