,Topic,Count,TopicLabel,WordScore,Sentiment
0,-1,35,-1_gift_health_covid19_cards,"[('gift', 0.042418453384945175), ('health', 0.037286637573175144), ('covid19', 0.028185613148700113), ('cards', 0.02024117677609815), ('vaccine', 0.02024117677609815), ('clinic', 0.02024117677609815), ('amp', 0.02024117677609815), ('vaccine clinic', 0.02024117677609815), ('us', 0.018129531769763663), ('giving', 0.018129531769763663)]",negative
