,Topic,Count,TopicLabel,WordScore,Sentiment
0,-1,33,-1_travel_home_health_covid19,"[('travel', 0.027036572036722904), ('home', 0.027036572036722904), ('health', 0.02295774749603186), ('covid19', 0.02295774749603186), ('medical', 0.020843830131653824), ('people', 0.018671997660324832), ('community', 0.018671997660324832), ('nurse', 0.016433861420358322), ('fuel', 0.016433861420358322), ('provider', 0.016433861420358322)]",negative
