,Topic,Count,TopicLabel,WordScore,Sentiment
0,-1,29,-1_travel_need_health_mask need,"[('travel', 0.03320658864305119), ('need', 0.02567174611078433), ('health', 0.023021657364639844), ('mask need', 0.023021657364639844), ('mask', 0.023021657364639844), ('covid19', 0.020286191204927348), ('safe', 0.020286191204927348), ('15', 0.017450873852782885), ('germany', 0.017450873852782885), ('quality', 0.017450873852782885)]",positive
