,Topic,Count,TopicLabel,WordScore,Sentiment
0,-1,10,-1_gift_health_safe_another,"[('gift', 0.0833611384635622), ('health', 0.042508998840496345), ('safe', 0.03560255936601952), ('another', 0.02824727931736866), ('food', 0.02824727931736866), ('yoga', 0.02824727931736866), ('thank', 0.02824727931736866), ('healthy', 0.02824727931736866), ('thank another', 0.020286191204927348), ('life', 0.020286191204927348)]",positive
