,Topic,Count,TopicLabel,WordScore,Sentiment
0,-1,10,-1_airport_health_ministry_ministry health,"[('airport', 0.054490157288367876), ('health', 0.044883918728203825), ('ministry', 0.03898124266416807), ('ministry health', 0.03898124266416807), ('health wellness conducting', 0.03064982597834793), ('usual', 0.03064982597834793), ('international airport', 0.03064982597834793), ('simulation morning', 0.03064982597834793), ('tuesday', 0.03064982597834793), ('simulation morning tuesday', 0.03064982597834793)]",positive
1,0,50,0_donation_health_amp_life,"[('donation', 0.03336527147442392), ('health', 0.024405630808460834), ('amp', 0.02149592401123987), ('life', 0.020173162350218005), ('help', 0.018821886988809523), ('please', 0.017439457864449757), ('today', 0.014567747290340225), ('people', 0.013951566291559806), ('donations', 0.013448774900145339), ('blood', 0.013069730549380935)]",positive
2,1,16,1_new_new jersey_implant_masks,"[('new', 0.0405363402861641), ('new jersey', 0.03206232443344545), ('implant', 0.03206232443344545), ('masks', 0.03206232443344545), ('jersey', 0.03206232443344545), ('program', 0.027596192277073696), ('community', 0.025977104197527322), ('covid19', 0.025335212678852564), ('including', 0.02293678916181483), ('china', 0.02293678916181483)]",positive
