,Topic,Count,TopicLabel,WordScore,Sentiment
0,-1,10,-1_granted_health_little_also,"[('granted', 0.05331204852607201), ('health', 0.047267705965676005), ('little', 0.040941468276580725), ('also', 0.040941468276580725), ('ppl', 0.03427508885537541), ('job', 0.03427508885537541), ('sick', 0.03427508885537541), ('everyone', 0.03427508885537541), ('effects', 0.027180410095689417), ('manage', 0.027180410095689417)]",neutral
