,Topic,Count,TopicLabel,WordScore,Sentiment
0,-1,23,-1_health_im_delta_workers,"[('health', 0.036866052218613936), ('im', 0.031390922602278624), ('delta', 0.022584046443182453), ('workers', 0.022584046443182453), ('day', 0.019441666564040026), ('symthoms', 0.01616239879625264), ('amp', 0.01616239879625264), ('sell', 0.01616239879625264), ('authorities', 0.01616239879625264), ('concluded', 0.01271111992988326)]",negative
