,Topic,Count,TopicLabel,WordScore,Sentiment
0,-1,13,-1_travel_bonus_new_win,"[('travel', 0.028880539062587925), ('bonus', 0.028880539062587925), ('new', 0.028880539062587925), ('win', 0.02285332055621106), ('health', 0.02285332055621106), ('get', 0.02285332055621106), ('happy', 0.02285332055621106), ('safe', 0.02285332055621106), ('worker', 0.016357994328702448), ('win amazing', 0.016357994328702448)]",positive
