,Topic,Count,TopicLabel,WordScore,Sentiment
0,-1,34,-1_health_support_health service_service,"[('health', 0.05965352766362465), ('support', 0.03643041452399925), ('health service', 0.024935159520363067), ('service', 0.024935159520363067), ('services', 0.024935159520363067), ('health services', 0.020772310055657873), ('need', 0.018607614481398894), ('amp', 0.014068964037471147), ('nhs', 0.014068964037471147), ('could', 0.014068964037471147)]",neutral
