,Topic,Count,TopicLabel,WordScore,Sentiment
0,-1,61,-1_health_support_care_health service,"[('health', 0.03591216670164916), ('support', 0.03267534196014924), ('care', 0.019782668510021667), ('health service', 0.01716403491845608), ('service', 0.01716403491845608), ('people', 0.01640560149171254), ('new', 0.013947592037022111), ('new health', 0.013703249836065174), ('new health service', 0.013703249836065174), ('spain', 0.012116190072460231)]",negative
1,0,48,0_health_health service_service_support,"[('health', 0.03362044554671326), ('health service', 0.0259935153955396), ('service', 0.0259935153955396), ('support', 0.021599145624797114), ('amp', 0.020657577264876086), ('people', 0.016894552751857698), ('uk', 0.014689723271077565), ('eu', 0.014385928967479127), ('worker', 0.013160517109577434), ('would', 0.012444241016323847)]",negative
2,1,15,1_whatshappeninginmyanmar_military_strike_support,"[('whatshappeninginmyanmar', 0.04995509212957245), ('military', 0.044745758172563266), ('strike', 0.03937815545768594), ('support', 0.03865110269700536), ('mandalay', 0.028050137714144233), ('housings', 0.028050137714144233), ('workers', 0.023989822713004764), ('cdm', 0.02199503009538172), ('protest', 0.021037603285608174), ('today', 0.020295304192795686)]",negative
3,2,12,2_health_mental health_mental_amp,"[('health', 0.05001041275073597), ('mental health', 0.04994505912166372), ('mental', 0.04994505912166372), ('amp', 0.03745907344030864), ('troubled', 0.028050137714144233), ('research', 0.027060405590394247), ('mental health service', 0.02199503009538172), ('guns', 0.02199503009538172), ('abuse', 0.021037603285608174), ('back', 0.017676175072378092)]",negative
