,Topic,Count,TopicLabel,WordScore,Sentiment
0,-1,26,-1_support_health_mental health_mental,"[('support', 0.02913995495014986), ('health', 0.023688642746136232), ('mental health', 0.021770730874027467), ('mental', 0.02148240710649698), ('look', 0.019068187098984127), ('stream', 0.019068187098984127), ('trump', 0.01848328336285861), ('done', 0.015827547854116338), ('also', 0.014048876434766211), ('supporters', 0.012425000711137892)]",positive
1,0,67,0_health_support_covid19_people,"[('health', 0.0401331707031842), ('support', 0.026330002357791447), ('covid19', 0.023302366785575096), ('people', 0.018801448763446464), ('services', 0.016897854158994356), ('care', 0.016271924653094974), ('healthcare', 0.016114722736799605), ('covid', 0.015413586702993151), ('health services', 0.014915930932003727), ('service', 0.012843605657611007)]",positive
2,1,29,1_health_natural_support_cbd,"[('health', 0.042969710315741455), ('natural', 0.03019812420445395), ('support', 0.029013195409142635), ('cbd', 0.02648411687617309), ('healthylifestyle', 0.024312919950373244), ('healthy', 0.02381891815446225), ('organic', 0.022085942316263728), ('wellness', 0.020803770492769345), ('ingredients', 0.019796109693260493), ('formulated', 0.017434307948942206)]",positive
3,2,21,2_support_25_thank_appreciate,"[('support', 0.04107346031068742), ('25', 0.03957603859727453), ('thank', 0.031087720532278908), ('appreciate', 0.024221034387446664), ('safe', 0.019788019298637265), ('health', 0.01926329190345144), ('ups 25 days', 0.018591087955628718), ('ups 25', 0.018591087955628718), ('ups', 0.018591087955628718), ('25 press ups', 0.018591087955628718)]",positive
4,3,16,3_employers_employee_health_support,"[('employers', 0.05292594904151925), ('employee', 0.047438677410395154), ('health', 0.04462078888181298), ('support', 0.04391126302306219), ('wellbeing', 0.035917530608268286), ('enhance', 0.03236810959049691), ('amp', 0.030921198667713735), ('employees', 0.029813344685208232), ('benefits', 0.025894487672397524), ('programs read 10', 0.02340418315770701)]",positive
