,Topic,Count,TopicLabel,WordScore,Sentiment
0,-1,42,-1_health_support_covid19_amp,"[('health', 0.05692031118775798), ('support', 0.042467789198267034), ('covid19', 0.027872393098011358), ('amp', 0.02611921336310763), ('world', 0.016773514943151543), ('digital', 0.016773514943151543), ('us', 0.014754581384785418), ('supporting', 0.014754581384785418), ('health workers', 0.012667495687330619), ('also', 0.012667495687330619)]",positive
