,Topic,Count,TopicLabel,WordScore,Sentiment
0,-1,13,-1_health_support_choice_expect,"[('health', 0.06237456540881308), ('support', 0.03844592925760786), ('choice', 0.03399464131812323), ('expect', 0.02449171242396912), ('nhs', 0.02449171242396912), ('dont', 0.02449171242396912), ('im', 0.02449171242396912), ('covid', 0.019343453592992586), ('get', 0.019343453592992586), ('service', 0.019343453592992586)]",neutral
