,Topic,Count,TopicLabel,WordScore,Sentiment
0,-1,14,-1_xmas_choose_delivery_ichoosevaccination,"[('xmas', 0.05183475149411775), ('choose', 0.04144580459183576), ('delivery', 0.04144580459183576), ('ichoosevaccination', 0.04144580459183576), ('vaccine', 0.04144580459183576), ('save', 0.03962234590607424), ('gift', 0.039547955363614426), ('xmas gift', 0.03550154511215992), ('shop online', 0.03550154511215992), ('airpurifier', 0.03550154511215992)]",positive
1,0,284,0_gift_health_life_care,"[('gift', 0.035608336229434434), ('health', 0.031665668843694525), ('life', 0.02162923407748827), ('care', 0.01695437161507572), ('good', 0.016721076134853796), ('thank', 0.01601398754240997), ('amp', 0.015276267346715992), ('good health', 0.013926108249389888), ('gift life', 0.013907712510890222), ('gifts', 0.012697862758769522)]",positive
2,1,34,1_covid19_financial_health_000,"[('covid19', 0.04761630242625269), ('financial', 0.025825000101489123), ('health', 0.024238356217010332), ('000', 0.02251878928356046), ('gift', 0.020747548145374904), ('covid 19', 0.019332819188858194), ('19', 0.019332819188858194), ('covid', 0.01772453867488928), ('produced', 0.01766634431181091), ('gift givers', 0.015578427469631242)]",positive
3,2,24,2_problems_issues_new_delayed payment call,"[('problems', 0.10068385185478423), ('issues', 0.10019131334146487), ('new', 0.0780586323787723), ('delayed payment call', 0.05796128464436598), ('town willing help', 0.05796128464436598), ('willing', 0.05796128464436598), ('issues promotion work', 0.05796128464436598), ('whats app', 0.05796128464436598), ('problems health wealth', 0.05796128464436598), ('problems health', 0.05796128464436598)]",positive
4,3,15,3_cardio_cardioexercises getupandmove getupandgo_gift health cardio_health cardio,"[('cardio', 0.12229904674359543), ('cardioexercises getupandmove getupandgo', 0.10957727217900369), ('gift health cardio', 0.10957727217900369), ('health cardio', 0.10957727217900369), ('cardioexercise cardioworkout', 0.10957727217900369), ('appreciate gift health', 0.10957727217900369), ('strenth', 0.10957727217900369), ('veiw', 0.10957727217900369), ('cardioexercise', 0.10957727217900369), ('getupandgo', 0.10957727217900369)]",positive
