,Topic,Count,TopicLabel,WordScore,Sentiment
0,-1,34,-1_health_care_hong_gift,"[('health', 0.04466511724280567), ('care', 0.04244858806734349), ('hong', 0.04244858806734349), ('gift', 0.037894803409659485), ('hong hong', 0.035551384335318736), ('services', 0.03315865840951491), ('hong hong hong', 0.028206135887519728), ('workers', 0.028206135887519728), ('lockdown', 0.025634166615646003), ('health workers', 0.022987774620160054)]",neutral
