,Topic,Count,TopicLabel,WordScore,Sentiment
0,-1,43,-1_covid19_care_lockdown_health,"[('covid19', 0.029890490113017004), ('care', 0.023852489795842036), ('lockdown', 0.023023029330905363), ('health', 0.020210666352264137), ('care package', 0.015551418312791972), ('package', 0.015229807051067471), ('funds', 0.015006027930435768), ('died', 0.014236059775080427), ('died covid19', 0.014236059775080427), ('giving', 0.01338504956998813)]",negative
1,0,41,0_gift_health_would_life,"[('gift', 0.039698244349277524), ('health', 0.029734498252095152), ('would', 0.02566395538150249), ('life', 0.016281504739993753), ('dont', 0.015793203311693843), ('know', 0.015531535131170332), ('people', 0.014871793347965588), ('day', 0.014674364099862515), ('vouchers', 0.01234776434763485), ('spend', 0.01234776434763485)]",negative
2,1,22,1_anc_health_gift_givers,"[('anc', 0.029819525360146603), ('health', 0.026641197282299457), ('gift', 0.02371227186467402), ('givers', 0.02142895351294474), ('gift givers', 0.02142895351294474), ('useless', 0.02142895351294474), ('health care', 0.017366343141918206), ('hospitals', 0.017366343141918206), ('amp', 0.017035260601040582), ('care', 0.015895555579877842)]",negative
3,2,18,2_covid19_masks_forthegreatergood_giftofthegivers,"[('covid19', 0.03270371271188919), ('masks', 0.03166752671928785), ('forthegreatergood', 0.027911211950610526), ('giftofthegivers', 0.027911211950610526), ('forthegreatergood disasterresponse', 0.027911211950610526), ('disasterresponse', 0.027911211950610526), ('facilities', 0.027143594330818158), ('workers', 0.024896192200177917), ('care packages', 0.020055976481396575), ('packages', 0.020055976481396575)]",negative
4,3,16,3_package_care_care package_covid,"[('package', 0.07637300300608835), ('care', 0.07539257558999483), ('care package', 0.07089617172008104), ('covid', 0.056952073660537714), ('quarantine', 0.04435227831833032), ('quarantine care package', 0.03912713728944077), ('didnt', 0.03648524437988304), ('quarantine care', 0.03648524437988304), ('send', 0.02736393328491228), ('sent', 0.026611366990998194)]",negative
