,Topic,Count,TopicLabel,WordScore,Sentiment
0,-1,23,-1_support_health_services_doesnt,"[('support', 0.04155014163568278), ('health', 0.03877994824713472), ('services', 0.023789509975932602), ('doesnt', 0.023789509975932602), ('mental', 0.020486863990004336), ('take', 0.020486863990004336), ('mental health', 0.020486863990004336), ('public', 0.020486863990004336), ('covid', 0.0170384088956405), ('care', 0.0170384088956405)]",neutral
