,Topic,Count,TopicLabel,WordScore,Sentiment
0,-1,82,-1_health_travel_message_people,"[('health', 0.031055424129695645), ('travel', 0.015168009452797008), ('message', 0.01478434446008277), ('people', 0.013728319855791144), ('coronavirus', 0.012098945347017883), ('weapons', 0.01109003261951596), ('sales', 0.010892558657148811), ('workers', 0.010550992681180583), ('time', 0.009523534337286296), ('see', 0.008992109310593976)]",negative
1,0,60,0_travel_health_covid19_insurance,"[('travel', 0.03802535703097028), ('health', 0.02553114195277863), ('covid19', 0.0191825836044105), ('insurance', 0.01624876641114333), ('europe', 0.012934913405364214), ('eu', 0.012934913405364214), ('new', 0.012722846653718412), ('us', 0.012660547166357568), ('country', 0.011706145542822403), ('test', 0.011497700804768191)]",negative
2,1,18,1_covid19_health_pandemic_virus,"[('covid19', 0.04513549083390706), ('health', 0.030259131203293193), ('pandemic', 0.026624223572453563), ('virus', 0.02573994293859921), ('people', 0.025080584351926127), ('vaccine', 0.022995401609536382), ('work', 0.02195789479653778), ('covid', 0.021392446618417178), ('coronavirus', 0.020898178326667252), ('post', 0.020823456810049223)]",negative
