,Topic,Count,TopicLabel,WordScore,Sentiment
0,-1,36,-1_probability_bonus_could_game,"[('probability', 0.05361064030970985), ('bonus', 0.034076453741835246), ('could', 0.03170922457498529), ('game', 0.026166738083910707), ('finishing', 0.026166738083910707), ('passing game', 0.026166738083910707), ('passing', 0.026166738083910707), ('game probability', 0.026166738083910707), ('passing game probability', 0.026166738083910707), ('finishing probability', 0.026166738083910707)]",positive
1,0,101,0_travel_covid19_safe_health,"[('travel', 0.037886934631831036), ('covid19', 0.028262518554497382), ('safe', 0.022443764734453805), ('health', 0.021033878940485824), ('healthy', 0.017183486320497765), ('amp', 0.014668476393318676), ('coronavirus', 0.013680601824572978), ('message', 0.012132746778695962), ('home', 0.010274587721406823), ('covid', 0.009595581848851653)]",positive
2,1,70,1_health_message_stay_hope,"[('health', 0.03245864910040529), ('message', 0.0269139882105341), ('stay', 0.022282127379501995), ('hope', 0.019007892978733055), ('care', 0.01846523930465366), ('safe', 0.017958540978659353), ('good', 0.017852016695375842), ('healthy', 0.01343289096623725), ('stay safe', 0.012788614139271024), ('holidays', 0.012258313427823029)]",positive
