,Topic,Count,TopicLabel,WordScore,Sentiment
0,-1,56,-1_travel_health_like_next,"[('travel', 0.03551997200920883), ('health', 0.03551997200920883), ('like', 0.014922727766036524), ('next', 0.014922727766036524), ('covid', 0.014922727766036524), ('good', 0.014922727766036524), ('holidays', 0.013524475068291785), ('mental', 0.013524475068291785), ('measures', 0.013524475068291785), ('free', 0.013524475068291785)]",neutral
