,Topic,Count,TopicLabel,WordScore,Sentiment
0,-1,23,-1_nurses_covid19_certificate_health,"[('nurses', 0.03296230340211298), ('covid19', 0.025862720172071644), ('certificate', 0.023496103356186123), ('health', 0.020275861281599195), ('travel', 0.01960043257277964), ('registration certificate', 0.01715037960317074), ('registration', 0.01715037960317074), ('insurance', 0.01715037960317074), ('vacancies', 0.01642005546509991), ('int', 0.015385739131403264)]",neutral
1,0,11,0_covid19_situation_body_money,"[('covid19', 0.04921449663811692), ('situation', 0.04296315483344102), ('body', 0.03580841979223677), ('money', 0.03580841979223677), ('health', 0.026525944734907683), ('think', 0.024897631237964214), ('travelling', 0.023510691018427433), ('body needs money', 0.020140996245286938), ('body needs', 0.020140996245286938), ('body know fluid', 0.020140996245286938)]",neutral
2,1,10,1_amp_certificate_health_test,"[('amp', 0.038852747890225775), ('certificate', 0.03222493564627053), ('health', 0.02607034644747606), ('test', 0.025321872952141555), ('pcr', 0.025321872952141555), ('services', 0.02464734020252444), ('registration certificate', 0.02352176744557005), ('insurance', 0.02352176744557005), ('registration', 0.02352176744557005), ('family', 0.019576000133666522)]",neutral
