,Topic,Count,TopicLabel,WordScore,Sentiment
0,-1,17,-1_health_russian_children_stop,"[('health', 0.05169524616605282), ('russian', 0.03375822168343467), ('children', 0.03375822168343467), ('stop', 0.03375822168343467), ('people', 0.029821128897193808), ('covid19', 0.025724559453596686), ('support', 0.025724559453596686), ('health lives', 0.021435849176082548), ('supporting', 0.021435849176082548), ('stop supporting', 0.021435849176082548)]",negative
