,Topic,Count,TopicLabel,WordScore,Sentiment
0,-1,60,-1_coronavirus_health_im_travel,"[('coronavirus', 0.029986582416185528), ('health', 0.025485038730838416), ('im', 0.020748588225480376), ('travel', 0.018272197503450514), ('covid19', 0.01700195456875598), ('covid', 0.01700195456875598), ('message', 0.01700195456875598), ('panama', 0.015707767738313297), ('amp', 0.015707767738313297), ('12', 0.0143872210325771)]",negative
