,Topic,Count,TopicLabel,WordScore,Sentiment
0,-1,9,-1_health_way_happy_bonus,"[('health', 0.03464582218621511), ('way', 0.034132076898188), ('happy', 0.029274308711774496), ('bonus', 0.02914308370151025), ('good', 0.024350074533820487), ('space', 0.024350074533820487), ('vulnerabilities', 0.024350074533820487), ('much', 0.024350074533820487), ('str', 0.024350074533820487), ('never', 0.024350074533820487)]",positive
1,0,26,0_pool_happy_waiting_travel,"[('pool', 0.055556062649227064), ('happy', 0.049374832058781334), ('waiting', 0.045153105204742916), ('travel', 0.03552983345262868), ('swimmingpool', 0.03506074221239733), ('panama', 0.03506074221239733), ('swimmingpool pool casaareka', 0.03276826677262826), ('corona', 0.03276826677262826), ('supportsmallbusiness', 0.03276826677262826), ('panama pool swimmingpool', 0.03276826677262826)]",positive
2,1,16,1_telehealth_patients_online_healthcare,"[('telehealth', 0.03538880796216077), ('patients', 0.030543417759765424), ('online', 0.030543417759765424), ('healthcare', 0.030543417759765424), ('health', 0.025501498037762867), ('please', 0.025466573973753317), ('let', 0.025466573973753317), ('text', 0.025466573973753317), ('help', 0.02443473420781234), ('need', 0.02359253864144051)]",positive
