,Topic,Count,TopicLabel,WordScore,Sentiment
0,-1,37,-1_support_health_amp_covid19,"[('support', 0.05027166773392573), ('health', 0.042508998840496345), ('amp', 0.03251233480123044), ('covid19', 0.023405183931775483), ('us', 0.0214698132471642), ('healthcare', 0.019487043242914948), ('healthy', 0.017450873852782885), ('week', 0.013184807875405442), ('connecting', 0.013184807875405442), ('stay', 0.013184807875405442)]",positive
