,Topic,Count,TopicLabel,WordScore,Sentiment
0,-1,10,-1_health_support_amp_happy,"[('health', 0.07175673966961893), ('support', 0.05068665075988759), ('amp', 0.038888184047230254), ('happy', 0.032537567076434855), ('turkish', 0.032537567076434855), ('also', 0.032537567076434855), ('time', 0.02578520811449912), ('love', 0.02578520811449912), ('thank', 0.02578520811449912), ('always', 0.02578520811449912)]",positive
