,Topic,Count,TopicLabel,WordScore,Sentiment
0,-1,31,-1_health_support_mental_mental health,"[('health', 0.0604869596488038), ('support', 0.05315724196750561), ('mental', 0.0414068208537372), ('mental health', 0.039341757446660845), ('care', 0.032921258839304766), ('covid19', 0.023704796786216575), ('need', 0.021248735653759024), ('life', 0.021248735653759024), ('dont', 0.021248735653759024), ('services', 0.01871518871760522)]",neutral
