,Topic,Count,TopicLabel,WordScore,Sentiment
0,-1,15,-1_worker_covid19_health_immigrants,"[('worker', 0.02509674402274092), ('covid19', 0.023616821570611096), ('health', 0.02247195375206815), ('immigrants', 0.018409714127107908), ('workers', 0.017587150590227453), ('could', 0.017204963747962695), ('relief', 0.017204963747962695), ('capital', 0.017204963747962695), ('money', 0.017204963747962695), ('france', 0.016312903310996725)]",negative
1,0,10,0_workers_immigrants_migrant_migrant workers,"[('workers', 0.04320516841425775), ('immigrants', 0.03768825404847984), ('migrant', 0.03184222857274634), ('migrant workers', 0.026716540626683414), ('child', 0.026716540626683414), ('covid19', 0.023207142012753555), ('covid', 0.023207142012753555), ('returnees', 0.02015961233323269), ('say', 0.02015961233323269), ('child returnees', 0.02015961233323269)]",negative
2,1,10,1_amp_health_im_grant,"[('amp', 0.04052647272894988), ('health', 0.03122726040871808), ('im', 0.028944457808749165), ('grant', 0.028944457808749165), ('im sorry', 0.02390819637703907), ('sorry', 0.02390819637703907), ('youre', 0.02390819637703907), ('care', 0.021708343356561875), ('school', 0.01710512561607622), ('fucking', 0.01710512561607622)]",negative
