,Topic,Count,TopicLabel,WordScore,Sentiment
0,-1,30,-1_health_amp_covid19_migrant,"[('health', 0.06056308439290725), ('amp', 0.05023955221747115), ('covid19', 0.03312189184709911), ('migrant', 0.031057575652383693), ('mental', 0.024597909807827858), ('mental health', 0.022340102019088544), ('also', 0.020019315239869637), ('workers', 0.020019315239869637), ('migrant workers', 0.020019315239869637), ('amp health', 0.017626421442129257)]",positive
