,Topic,Count,TopicLabel,WordScore,Sentiment
0,-1,33,-1_travel_covid_health_nurse,"[('travel', 0.028565837672778788), ('covid', 0.024267471084551746), ('health', 0.019747770537898536), ('nurse', 0.0173860148173744), ('2021', 0.014941321920242974), ('going', 0.014941321920242974), ('used', 0.012396797266871472), ('video', 0.012396797266871472), ('like', 0.012396797266871472), ('offered', 0.012396797266871472)]",negative
