,Topic,Count,TopicLabel,WordScore,Sentiment
0,-1,9,-1_telehealth_text_textmessages mhealth_patients telehealth,"[('telehealth', 0.07130428288163199), ('text', 0.05119785138318576), ('textmessages mhealth', 0.04034939199345766), ('patients telehealth', 0.04034939199345766), ('patients telehealth textmessaging', 0.04034939199345766), ('patients', 0.04034939199345766), ('telehealth visits text', 0.04034939199345766), ('telehealth visits', 0.04034939199345766), ('telehealth textmessaging textmessages', 0.04034939199345766), ('textmessages', 0.04034939199345766)]",positive
1,0,29,0_health_safe_travel_amp,"[('health', 0.024973595525001856), ('safe', 0.02427468410644354), ('travel', 0.023790422266091824), ('amp', 0.020292407035114923), ('certification', 0.017917486467692142), ('bonus', 0.017917486467692142), ('including', 0.017917486467692142), ('get', 0.014494576453653516), ('discounts', 0.012865101116800524), ('congratulations', 0.012865101116800524)]",positive
2,1,16,1_give_message_financial_order,"[('give', 0.07838648259997848), ('message', 0.050433351208245075), ('financial', 0.049080037460802584), ('order', 0.048276657606083226), ('people whose want', 0.04610632216363729), ('good health', 0.04610632216363729), ('good health looking', 0.04610632216363729), ('financial help', 0.04610632216363729), ('quote', 0.04610632216363729), ('give regards', 0.04610632216363729)]",positive
