,Topic,Count,TopicLabel,WordScore,Sentiment
0,0,62,0_health_message_covid19_amp,False,positive
1,1,19,1_stay_safe_good_stay safe,"[('health', 0.039898272039901005), ('message', 0.024775334324778426), ('covid19', 0.020755521428490856), ('amp', 0.016472630304402137), ('travel', 0.016472630304402137), ('safe', 0.014508989575119065), ('public', 0.011834620388286855), ('hope', 0.010657973249367212), ('work', 0.010601327109449925), ('thanks', 0.010601327109449925)]",positive
