,Topic,Count,TopicLabel,WordScore,Sentiment
0,-1,54,-1_health_covid19_travel_people,"[('health', 0.04346817186580849), ('covid19', 0.02364588678018342), ('travel', 0.022348052888785608), ('people', 0.01832468113690226), ('message', 0.01832468113690226), ('amp', 0.01832468113690226), ('going', 0.015514449587488972), ('holiday', 0.015514449587488972), ('public', 0.014062835336126286), ('eu', 0.014062835336126286)]",negative
