,Topic,Count,TopicLabel,WordScore,Sentiment
0,-1,11,-1_cancer_travel_nursing_fund,"[('cancer', 0.03738702568289517), ('travel', 0.032312006241531153), ('nursing', 0.02698305944979572), ('fund', 0.02698305944979572), ('holidays', 0.02698305944979572), ('workers', 0.02698305944979572), ('apply', 0.02698305944979572), ('cancer nursing fund', 0.02698305944979572), ('cancer nursing', 0.02698305944979572), ('eons15', 0.02698305944979572)]",neutral
