,Topic,Count,TopicLabel,WordScore,Sentiment
0,-1,28,-1_health_gift_workers_india,"[('health', 0.036791931953261726), ('gift', 0.027371312728972384), ('workers', 0.027371312728972384), ('india', 0.024871745685381613), ('daily', 0.022300439686533894), ('amp', 0.022300439686533894), ('honble', 0.019646985431587695), ('minister', 0.019646985431587695), ('covid19', 0.019646985431587695), ('provide', 0.01689746095547717)]",negative
