,Topic,Count,TopicLabel,WordScore,Sentiment
0,-1,9,-1_care_treeldiwalicontest2020 contestalert_saferindia_diwaligifts madeinindia carsafety,"[('care', 0.04522562438866876), ('treeldiwalicontest2020 contestalert', 0.037936857357969235), ('saferindia', 0.037936857357969235), ('diwaligifts madeinindia carsafety', 0.037936857357969235), ('tyretechnology tyres', 0.037936857357969235), ('carsafety', 0.037936857357969235), ('tyretechnology', 0.037936857357969235), ('tyres join', 0.037936857357969235), ('tyres', 0.037936857357969235), ('treeldiwalicontest2020 contestalert treel', 0.037936857357969235)]",positive
1,0,71,0_gift_health_greatest_happy,"[('gift', 0.04260770652814035), ('health', 0.04146830319786514), ('greatest', 0.023773267713604253), ('happy', 0.021225786221149966), ('good', 0.020108639577931547), ('life', 0.01602881111655231), ('greatest gift', 0.014784869247326726), ('buddha', 0.014784869247326726), ('may', 0.014784869247326726), ('best', 0.014544235323618503)]",positive
2,1,14,1_bengal_people bengal_people_health care,"[('bengal', 0.07278957002165078), ('people bengal', 0.07278957002165078), ('people', 0.07216564568714195), ('health care', 0.04453298285961521), ('time bjp', 0.041698358941716994), ('care system', 0.041698358941716994), ('government give people', 0.041698358941716994), ('people bengal lose', 0.041698358941716994), ('bjp government', 0.041698358941716994), ('people bengal gift', 0.041698358941716994)]",positive
3,2,13,2_minister_doses_bangladesh_covid,"[('minister', 0.054987644675134756), ('doses', 0.04197542444963538), ('bangladesh', 0.040945223932538855), ('covid', 0.03597893524254461), ('covid19', 0.03241865017686259), ('foreign minister', 0.0318384813168412), ('2nd batch', 0.0318384813168412), ('3m astrazeneca', 0.0318384813168412), ('3m', 0.0318384813168412), ('foreign', 0.0318384813168412)]",positive
