,Topic,Count,TopicLabel,WordScore,Sentiment
0,-1,11,-1_korea_gift_adjustment_mask,"[('korea', 0.056391895157017875), ('gift', 0.04105322357584273), ('adjustment', 0.04105322357584273), ('mask', 0.03551056016235984), ('care', 0.029682678011054682), ('package', 0.029682678011054682), ('order', 0.029682678011054682), ('set', 0.029682678011054682), ('covid19', 0.02349585540330043), ('bts', 0.02349585540330043)]",positive
