Unnamed: 0,Topic,Count,TopicLabel,WordScore,Sentiment,TopicWords
0,-1,18,-1_people_well_urge_pain,"[('people', 0.027282055320710822), ('well', 0.025559254511612093), ('urge', 0.01895703048560025), ('pain', 0.01895703048560025), ('instagram', 0.01895703048560025), ('treat', 0.01895703048560025), ('2020', 0.01895703048560025), ('laplace', 0.01895703048560025), ('show', 0.01895703048560025), ('vannevar', 0.01895703048560025)]",negative,"['people', 'well', 'urge', 'pain', 'instagram', 'treat', '', 'laplace', 'show', 'vannevar ']"
1,0,14,0_health_science_dont_people,"[('health', 0.043512175496705836), ('science', 0.030450711625838324), ('dont', 0.027757786040901112), ('people', 0.027400057290091057), ('vaccine', 0.025385366082793414), ('healthcare', 0.025385366082793414), ('medicine', 0.025385366082793414), ('gp', 0.020030935235282037), ('science health', 0.020030935235282037), ('work', 0.020030935235282037)]",negative,"['health', 'science', 'dont', 'people', 'vaccine', 'healthcare', 'medicine', 'gp', 'science health', 'work ']"
2,1,13,1_safe_help_gibraltar_would,"[('safe', 0.030512192335145755), ('help', 0.024904692275467873), ('gibraltar', 0.02338938381360073), ('would', 0.022586266449254093), ('people', 0.021923080168428342), ('car', 0.019232359744174445), ('ask', 0.019232359744174445), ('players', 0.019232359744174445), ('need', 0.019232359744174445), ('though', 0.0182799936825431)]",negative,"['safe', 'help', 'gibraltar', 'would', 'people', 'car', 'ask', 'players', 'need', 'though ']"
