,Topic,Count,TopicLabel,WordScore,Sentiment
0,-1,11,-1_health_around_amp_us,"[('health', 0.04815923520860919), ('around', 0.030868752246128107), ('amp', 0.024446503990372306), ('us', 0.024446503990372306), ('also', 0.024446503990372306), ('taking', 0.024446503990372306), ('traveling seems', 0.017516259004814204), ('well people around', 0.017516259004814204), ('people around us', 0.017516259004814204), ('decision coronavirus', 0.017516259004814204)]",positive
