,Topic,Count,TopicLabel,WordScore,Sentiment
0,-1,12,-1_also_im_travel_quarantine know im,"[('also', 0.04995819549731611), ('im', 0.04995819549731611), ('travel', 0.0344458031518851), ('quarantine know im', 0.02878358017379601), ('videographer also started', 0.02878358017379601), ('career recently also', 0.02878358017379601), ('traveller quarantine know', 0.02878358017379601), ('hi', 0.02878358017379601), ('career recently', 0.02878358017379601), ('hi bok', 0.02878358017379601)]",negative
