,Topic,Count,TopicLabel,WordScore,Sentiment
0,-1,13,-1_health_migrants_refugees_migration,"[('health', 0.0718984333223146), ('migrants', 0.03944413406042965), ('refugees', 0.02254614020715052), ('migration', 0.02254614020715052), ('refugees migrants', 0.01613486843730757), ('migrant', 0.01613486843730757), ('ahead', 0.01613486843730757), ('measure', 0.01613486843730757), ('amp', 0.01613486843730757), ('big', 0.01613486843730757)]",positive
