,Topic,Count,TopicLabel,WordScore,Sentiment
0,-1,14,-1_covid_grants_granted_eu,"[('covid', 0.025485038730838416), ('grants', 0.02123448902088159), ('granted', 0.02123448902088159), ('eu', 0.02123448902088159), ('help', 0.016745103495616757), ('medical', 0.016745103495616757), ('would', 0.016745103495616757), ('immigrants', 0.016745103495616757), ('access', 0.016745103495616757), ('education', 0.016745103495616757)]",negative
