,Topic,Count,TopicLabel,WordScore,Sentiment
0,-1,47,-1_support_health_amp_covid,"[('support', 0.03204091813239982), ('health', 0.0294324606789721), ('amp', 0.02810264824717402), ('covid', 0.01667921324289138), ('care', 0.015122884675901066), ('police', 0.015122884675901066), ('vaccines', 0.01352715704135734), ('president', 0.01352715704135734), ('dont', 0.01352715704135734), ('covid19', 0.01352715704135734)]",negative
