,Topic,Count,TopicLabel,WordScore,Sentiment
0,-1,42,-1_support_health_healthcare_korea,"[('support', 0.04449381802313265), ('health', 0.02799370203067381), ('healthcare', 0.024697423281797446), ('korea', 0.019507745024976913), ('time', 0.01769883542727974), ('vaccine', 0.01769883542727974), ('emergency', 0.01584236286393738), ('supporting', 0.01584236286393738), ('covid19', 0.013931447206867512), ('hospital', 0.013931447206867512)]",positive
