,Topic,Count,TopicLabel,WordScore,Sentiment
0,-1,20,-1_health_support_government_covid19,"[('health', 0.049017606733083655), ('support', 0.043807900814779685), ('government', 0.02973443235465587), ('covid19', 0.02973443235465587), ('korea', 0.023537322786295514), ('korean', 0.02026815939123963), ('koreas', 0.02026815939123963), ('care', 0.0168550629594238), ('called', 0.0168550629594238), ('daily', 0.0168550629594238)]",negative
