,Topic,Count,TopicLabel,WordScore,Sentiment
0,-1,36,-1_health_granted_take_healthcare,"[('health', 0.03712723969346272), ('granted', 0.02219890091762377), ('take', 0.02015179479398946), ('healthcare', 0.02015179479398946), ('help', 0.018049086040146243), ('amp', 0.015882723317465233), ('donation', 0.015882723317465233), ('care', 0.015882723317465233), ('need', 0.015882723317465233), ('know', 0.015882723317465233)]",neutral
