,Topic,Count,TopicLabel,WordScore,Sentiment
0,0,150,0_health_amp_donation_grant,False,positive
1,1,24,1_blood_bank_givingback helpingothers_givingback,"[('health', 0.023336926676902077), ('amp', 0.021376703433357954), ('donation', 0.015064706017379713), ('grant', 0.013741561671022782), ('donations', 0.013532185113850485), ('covid19', 0.011941677314194717), ('help', 0.011479369791065322), ('care', 0.0100587216295346), ('grants', 0.009572855205121534), ('us', 0.009467032121914918)]",positive
2,2,11,2_hospital_medicalservices_san pancho_healthcare medicalservices charity,"[('blood', 0.05878881399854679), ('bank', 0.05878881399854679), ('givingback helpingothers', 0.05654490394947516), ('givingback', 0.05654490394947516), ('community charity goodcauses', 0.05654490394947516), ('community charity', 0.05654490394947516), ('charity goodcauses donate', 0.05654490394947516), ('puertovallarta', 0.05654490394947516), ('goodcauses donate', 0.05654490394947516), ('helpingothers', 0.055919828572553745)]",positive
