,Topic,Count,TopicLabel,WordScore,Sentiment
0,-1,35,-1_wife_health_healthcare_need,"[('wife', 0.027108857265473865), ('health', 0.02293115065995006), ('healthcare', 0.021256487122682376), ('need', 0.019834345373743022), ('healthing', 0.019365279713269557), ('crisis', 0.01807257151031591), ('canada', 0.018002954403708044), ('alone', 0.01731738940051699), ('need support', 0.01731738940051699), ('support', 0.016781726595683968)]",negative
1,0,108,0_health_donations_granted_amp,"[('health', 0.020354319805302012), ('donations', 0.019906562519656303), ('granted', 0.01848466519682371), ('amp', 0.01580977423468888), ('take', 0.015536030718233193), ('dont', 0.013204132716214201), ('charity', 0.012690457156045302), ('healthcare', 0.012447534920400035), ('campaign', 0.011763528588038618), ('covid19', 0.011641147401601543)]",negative
2,1,44,1_immigrants_illegal_health_americans,"[('immigrants', 0.03839715410277883), ('illegal', 0.02108958835738696), ('health', 0.020004790429286975), ('americans', 0.016566250983465106), ('illegal immigrants', 0.016273174781370282), ('said', 0.01600813275000604), ('healthcare', 0.015453199320360097), ('many', 0.014967040212804475), ('get', 0.014798748656082054), ('immigrant', 0.014007116156255285)]",negative
3,2,23,2_migrant_migrants_migrant worker_worker,"[('migrant', 0.04689926274379632), ('migrants', 0.0443358286117304), ('migrant worker', 0.036344914681057085), ('worker', 0.033795056888250366), ('canada', 0.03349947338842594), ('health', 0.02560184692155067), ('testing', 0.021839410964449364), ('conditions', 0.021230212448723734), ('covid19', 0.019767159179677318), ('national windsoressex', 0.0180681831895549)]",negative
