,Topic,Count,TopicLabel,WordScore,Sentiment
0,-1,20,-1_support_health_labor_porn,"[('support', 0.049892884337121836), ('health', 0.03723576560462833), ('labor', 0.028971236535865367), ('porn', 0.02081322985839922), ('mental health', 0.019987888485374593), ('people', 0.019987888485374593), ('workers', 0.019987888485374593), ('mental', 0.01931415769057691), ('japan', 0.017430570337273184), ('measures', 0.017430570337273184)]",positive
1,0,18,0_support_thank_health_love,"[('support', 0.04881416826951328), ('thank', 0.04092890462189655), ('health', 0.03532674379508872), ('love', 0.032542032809571665), ('year', 0.03023451719876647), ('new', 0.029343633569056088), ('appreciate', 0.028572624613624146), ('good', 0.027893170979632856), ('much', 0.023810520511353454), ('new year', 0.021720783485945697)]",positive
2,1,17,1_like_national_would_marathon,"[('like', 0.03714919047475571), ('national', 0.0310727658901878), ('would', 0.0310727658901878), ('marathon', 0.027442411388854), ('would like', 0.027442411388854), ('health', 0.025651503673900834), ('measures', 0.02476612698317047), ('team', 0.023666398305572163), ('support', 0.023630007225628944), ('safe', 0.022868676157378337)]",positive
