,Topic,Count,TopicLabel,WordScore,Sentiment
0,-1,25,-1_health_support_measures_smoking,"[('health', 0.046379000475642015), ('support', 0.04174640152412378), ('measures', 0.0239055371032188), ('smoking', 0.021069797391629053), ('mental health', 0.018129531769763663), ('need', 0.018129531769763663), ('care', 0.018129531769763663), ('mental', 0.018129531769763663), ('good', 0.015063415089887471), ('employee', 0.015063415089887471)]",negative
