,Topic,Count,TopicLabel,WordScore,Sentiment
0,-1,36,-1_health_covid19_grant_things,"[('health', 0.03900049886571012), ('covid19', 0.0267338627511338), ('grant', 0.022284617557723974), ('things', 0.019969342249735116), ('see', 0.019969342249735116), ('isnt', 0.01758217689508201), ('public', 0.01758217689508201), ('first', 0.015110950203755533), ('worker', 0.015110950203755533), ('amp', 0.015110950203755533)]",neutral
