,Topic,Count,TopicLabel,WordScore,Sentiment
0,-1,7,-1_healthy_children_id_covid,"[('healthy', 0.058115401788149314), ('children', 0.050525078827072745), ('id', 0.03789380912030456), ('covid', 0.034800298750769745), ('young healthy', 0.032307095322265424), ('garlic protective', 0.032307095322265424), ('forcing bots put', 0.032307095322265424), ('forcing bots', 0.032307095322265424), ('insist schools', 0.032307095322265424), ('garlic', 0.032307095322265424)]",negative
1,0,73,0_health_care_money_public,"[('health', 0.02369856108343548), ('care', 0.012831691379536188), ('money', 0.012483484904749232), ('public', 0.011885616031527307), ('nz', 0.011885616031527307), ('covid19', 0.0112380784473485), ('support', 0.010943936439744279), ('donations', 0.010943936439744279), ('grants', 0.010943936439744279), ('really', 0.010045278584474014)]",negative
2,1,47,1_nurses_amp_health_midwives,"[('nurses', 0.03927719627983744), ('amp', 0.03368648723816779), ('health', 0.023172553338752882), ('midwives', 0.019408655898295067), ('pay', 0.01914428923389841), ('migrant', 0.01882530446708306), ('care', 0.018329358263924136), ('likely', 0.017791267906770478), ('drs', 0.013963662961074012), ('public', 0.01259352854681168)]",negative
3,2,24,2_auckland_vaccination_covid19_gang,"[('auckland', 0.04474734931000246), ('vaccination', 0.034940043293825856), ('covid19', 0.034841656716827735), ('gang', 0.03276380818844023), ('delta', 0.03054340816751059), ('health', 0.028913048867380046), ('number', 0.02595299467081952), ('ever', 0.023572099853903076), ('alert', 0.021124588677786472), ('response', 0.020185662521748516)]",negative
4,3,13,3_quarantine_process_kind_covid19,"[('quarantine', 0.06915965145814959), ('process', 0.054574059412688516), ('kind', 0.0454783828439071), ('covid19', 0.045432936012299474), ('grant', 0.03950596694948733), ('deportation', 0.038926354027911336), ('worker', 0.03465200464924598), ('today', 0.03384226978039778), ('combined penalties', 0.03054933684358231), ('combined penalties breaking', 0.03054933684358231)]",negative
5,4,11,4_people_says_grant_patients,"[('people', 0.05549624355309101), ('says', 0.055489972129448395), ('grant', 0.04831883649975759), ('patients', 0.04449884844419218), ('icu', 0.042293786853253024), ('test', 0.03824781684736545), ('question', 0.03801263402007157), ('covid', 0.03801263402007157), ('next', 0.03609751142193183), ('flight', 0.03173995020737386)]",negative
