,Topic,Count,TopicLabel,WordScore,Sentiment
0,-1,23,-1_important_wellbeing_safe_health,"[('important', 0.026674712047242238), ('wellbeing', 0.02662132110899342), ('safe', 0.02298896076682995), ('health', 0.0220885110373568), ('take', 0.019346979893140038), ('patients', 0.01913595067829446), ('pandemic', 0.01913595067829446), ('keeping', 0.01913595067829446), ('keeping us', 0.01913595067829446), ('relationships', 0.01913595067829446)]",positive
1,0,23,0_health_mental_mental health_support,"[('health', 0.045432699704744214), ('mental', 0.04502180969415238), ('mental health', 0.04502180969415238), ('support', 0.041985537108186845), ('help', 0.033493513740921396), ('business', 0.024689617197214908), ('mental health support', 0.024689617197214908), ('health support', 0.024689617197214908), ('donation', 0.02335922990669585), ('well', 0.021889529396228638)]",positive
2,1,21,1_health_amp_staff_grant,"[('health', 0.06128960273894906), ('amp', 0.0463533434739869), ('staff', 0.03623575528221052), ('grant', 0.026971787326687344), ('reducing', 0.026260049306873763), ('health amp', 0.026260049306873763), ('response', 0.025648495573534272), ('public', 0.023584700862236053), ('public health', 0.023584700862236053), ('covid', 0.02081673606824002)]",positive
3,2,17,2_wage_grant_workers_worker,"[('wage', 0.036591871984988034), ('grant', 0.03416694370742809), ('workers', 0.03127224357838708), ('worker', 0.029006927308203305), ('olive', 0.029006927308203305), ('covid19', 0.025933183104656123), ('wage subsidy', 0.02499892454972219), ('subsidy', 0.02499892454972219), ('thanking', 0.020809039262189057), ('fellow', 0.020809039262189057)]",positive
4,3,14,3_love_granted_amp_live,"[('love', 0.03957156228339639), ('granted', 0.035886428912117754), ('amp', 0.03511616929847493), ('live', 0.03469456011373337), ('take', 0.030196462735175438), ('day', 0.02967867171254729), ('appreciate', 0.02891213342811114), ('amp appreciate', 0.024889243039088876), ('may', 0.023129706742488914), ('go', 0.023129706742488914)]",positive
