,Topic,Count,TopicLabel,WordScore,Sentiment
0,-1,10,-1_health_good health_good_granted,"[('health', 0.06282301461210943), ('good health', 0.04924270471464907), ('good', 0.04751712530198214), ('granted', 0.04751712530198214), ('take', 0.04108564218335456), ('health granted', 0.04108564218335456), ('conditions', 0.03081423163751592), ('concern fearing repatriation', 0.023174704044999002), ('concern', 0.023174704044999002), ('plight unprotected', 0.023174704044999002)]",negative
1,0,18,0_zambia_covid19_health_donation,"[('zambia', 0.03328962291099418), ('covid19', 0.03195251237020975), ('health', 0.03023659944202186), ('donation', 0.027167644894776296), ('minister health', 0.02133037951748412), ('ministry', 0.02133037951748412), ('minister', 0.020582913187739787), ('donations', 0.018924226424510825), ('received donation', 0.017796998470512495), ('fight', 0.017796998470512495)]",negative
2,1,16,1_charity_give_dont_money,"[('charity', 0.04598165835162135), ('give', 0.029113085557647248), ('dont', 0.023290468446117797), ('money', 0.02247431602120777), ('donations', 0.020663209393249657), ('work', 0.01918592670596962), ('like', 0.018217873434342183), ('health', 0.016507548884563288), ('tax breaks', 0.01370126083741495), ('cant', 0.01370126083741495)]",negative
