,Topic,Count,TopicLabel,WordScore,Sentiment
0,-1,5,-1_atms_congratulations_wish_charity,"[('atms', 0.049503184730921246), ('congratulations', 0.04647104221018139), ('wish', 0.04647104221018139), ('charity', 0.042988796320572065), ('health workers', 0.03677885773756805), ('health', 0.036470137899977696), ('workers', 0.036132105975664346), ('risk', 0.027345122868374653), ('put place atms', 0.027345122868374653), ('routine', 0.027345122868374653)]",positive
1,0,52,0_health_charity_amp_covid19,"[('health', 0.038564462650669484), ('charity', 0.037881216559712015), ('amp', 0.03004847380540286), ('covid19', 0.018789160428638516), ('workers', 0.0159195912467036), ('day', 0.015415261241615606), ('health workers', 0.014584091607817828), ('kids', 0.01379912472872389), ('zambia', 0.01379912472872389), ('today', 0.013213510816556286)]",positive
2,1,22,1_health_grant_happy_may,"[('health', 0.05947878510912592), ('grant', 0.05148532775596685), ('happy', 0.049678146683049484), ('may', 0.0489091534681626), ('birthday', 0.04712892895952765), ('god', 0.04630017244787356), ('good', 0.045538301126128694), ('happy birthday', 0.04367030734529401), ('good health', 0.04284448087229786), ('god grant', 0.032735555379026234)]",positive
