Unnamed: 0,Topic,Count,TopicLabel,WordScore,Sentiment,TopicWords
0,-1,12,-1_health_increasing_problem_country,"[('health', 0.034548591448945856), ('increasing', 0.026576783892043064), ('problem', 0.024323753209261955), ('country', 0.024323753209261955), ('covid', 0.019800437079428215), ('iran', 0.018952127433793136), ('10', 0.018911495316895524), ('cover', 0.018911495316895524), ('sunscreen', 0.018911495316895524), ('turnout', 0.018911495316895524)]",negative,"['health', 'increasing', 'problem', 'country', 'covid', 'iran', '', 'cover', 'sunscreen', 'turnout ']"
1,0,34,0_health_dont_hospital_people,"[('health', 0.02726250582214303), ('dont', 0.023291489880680197), ('hospital', 0.020145716606081488), ('people', 0.015360948745756288), ('using', 0.012796015422004661), ('help', 0.012704449025825564), ('medical', 0.012016606123548016), ('hes', 0.01065082265989084), ('working', 0.01065082265989084), ('biggest', 0.01065082265989084)]",negative,"['health', 'dont', 'hospital', 'people', 'using', 'help', 'medical', 'hes', 'working', 'biggest ']"
2,1,11,1_iran_covid_help_news,"[('iran', 0.07321676581260254), ('covid', 0.0601024256159445), ('help', 0.03332009341571832), ('news', 0.03245217341198199), ('ppl', 0.02684819646052846), ('blame', 0.02596173872958559), ('thank', 0.02596173872958559), ('khamenei', 0.02596173872958559), ('deaths', 0.02200129362491477), ('deaths iran cruel', 0.02200129362491477)]",negative,"['iran', 'covid', 'help', 'news', 'ppl', 'blame', 'thank', 'khamenei', 'deaths', 'deaths iran cruel ']"
