,Topic,Count,TopicLabel,WordScore,Sentiment
0,-1,14,-1_safe_good_bonus_paid,"[('safe', 0.04212390777106456), ('good', 0.03727329711897993), ('bonus', 0.03221285022476815), ('paid', 0.02689943299919174), ('health', 0.02689943299919174), ('travel', 0.02689943299919174), ('people', 0.02689943299919174), ('educated gigantic', 0.02126776348159452), ('health system', 0.02126776348159452), ('system get paid', 0.02126776348159452)]",positive
