,Topic,Count,TopicLabel,WordScore,Sentiment
0,-1,44,-1_health_gift_care_good,"[('health', 0.041949956638583585), ('gift', 0.034836033870853204), ('care', 0.034836033870853204), ('good', 0.025645716771778654), ('get', 0.025645716771778654), ('preventive', 0.02402590515612512), ('dont', 0.022375566907127498), ('appreciate', 0.020691894985745383), ('need', 0.018971518330149068), ('preventive health', 0.01721031249242233)]",neutral
