,Topic,Count,TopicLabel,WordScore,Sentiment
0,-1,26,-1_amp_order_dont_didnt,"[('amp', 0.04986891426433145), ('order', 0.03623107402689858), ('dont', 0.031736428023315714), ('didnt', 0.029883390843346888), ('doctors', 0.028179724243143345), ('us', 0.027511756653904214), ('youre', 0.026488567978638557), ('didnt bring', 0.025753754378592453), ('bring', 0.025145438013811066), ('provide', 0.02474542390460177)]",negative
1,0,128,0_gift_health_life_gift life,"[('gift', 0.033623146602870434), ('health', 0.027560783671702668), ('life', 0.018505162561807238), ('gift life', 0.013901332505857093), ('dont', 0.013859941810731682), ('people', 0.013148635830237506), ('gifts', 0.01275570535239517), ('good', 0.012654887717120965), ('money', 0.012049265727339631), ('god', 0.011412999525827257)]",negative
2,1,50,1_covid19_pandemic_food_many,"[('covid19', 0.03590414398737309), ('pandemic', 0.02506715582843971), ('food', 0.02258809886655246), ('many', 0.022305475395845063), ('provide', 0.019814851021869292), ('gift', 0.019615810832810752), ('health', 0.01942092937046347), ('country', 0.01785739167383845), ('provide food', 0.017354184804304413), ('nigeria', 0.017131037500075746)]",negative
