,Topic,Count,TopicLabel,WordScore,Sentiment
0,-1,7,-1_education_support_gift_amazing,"[('education', 0.05088295363356041), ('support', 0.04875439645153503), ('gift', 0.04454185654554481), ('amazing', 0.040222927917344296), ('campaign', 0.040222927917344296), ('hospital', 0.03656579733865128), ('far', 0.028753992965884007), ('refugees', 0.028753992965884007), ('donated', 0.028753992965884007), ('education 1000', 0.028753992965884007)]",positive
1,0,15,0_gift_health_god_happy,"[('gift', 0.05446907384015304), ('health', 0.038446240201566194), ('god', 0.028748177120480316), ('happy', 0.028748177120480316), ('wish', 0.028748177120480316), ('peace', 0.024841866227138455), ('relationship', 0.02074114532277096), ('want', 0.02074114532277096), ('greatest', 0.02074114532277096), ('care', 0.019532571622003406)]",positive
2,1,14,1_covid19_help_care_packages,"[('covid19', 0.05064337425078634), ('help', 0.045645721299287303), ('care', 0.04149910855515988), ('packages', 0.038349801664620195), ('care packages', 0.038349801664620195), ('people', 0.02803619732293), ('check', 0.026389646054374494), ('bangkok', 0.02544945066999945), ('need', 0.02203342852045139), ('fever', 0.02203342852045139)]",positive
