,Topic,Count,TopicLabel,WordScore,Sentiment
0,-1,15,-1_care_care packages_people_packages,"[('care', 0.04032059072882165), ('care packages', 0.036715836696943026), ('people', 0.036715836696943026), ('packages', 0.036715836696943026), ('covid19', 0.03299546867092243), ('help', 0.029142616886745812), ('thailand', 0.029142616886745812), ('hong', 0.025134718306163848), ('house', 0.025134718306163848), ('local', 0.025134718306163848)]",negative
