,Topic,Count,TopicLabel,WordScore,Sentiment
0,-1,23,-1_gift_cbd_wellness_give,"[('gift', 0.0813101350547822), ('cbd', 0.06184186212455893), ('wellness', 0.05765832495394242), ('give', 0.05115837285300672), ('health', 0.039602783727117404), ('give gift', 0.037160324299819594), ('special', 0.032114357090069934), ('season', 0.032114357090069934), ('products', 0.032114357090069934), ('enjoy', 0.032114357090069934)]",positive
