,Topic,Count,TopicLabel,WordScore,Sentiment
0,-1,24,-1_health_covid19_migrants_access,"[('health', 0.061666004213839054), ('covid19', 0.027717469630179938), ('migrants', 0.027717469630179938), ('access', 0.024866727871659555), ('grant', 0.021922232962499955), ('us', 0.021922232962499955), ('care', 0.021922232962499955), ('benefit', 0.021922232962499955), ('need', 0.018868078222462777), ('refugees', 0.018868078222462777)]",positive
