,Topic,Count,TopicLabel,WordScore,Sentiment
0,-1,21,-1_covid_health_others_healthcare,"[('covid', 0.02531690228434607), ('health', 0.02232157387111329), ('others', 0.02232157387111329), ('healthcare', 0.01921416340764526), ('immigrants', 0.01921416340764526), ('access', 0.01921416340764526), ('migrants', 0.01921416340764526), ('illegal', 0.015971791806093965), ('covid19', 0.015971791806093965), ('amp', 0.015971791806093965)]",negative
