,Topic,Count,TopicLabel,WordScore,Sentiment
0,-1,6,-1_right_every_world_supported,"[('right', 0.07051947765392415), ('every', 0.05641558212313933), ('world', 0.05456785919297125), ('supported', 0.04619915396125509), ('around world', 0.04400909238767057), ('around', 0.04400909238767057), ('like', 0.04231168659235449), ('middle ground', 0.032858878654311266), ('middle ground public', 0.032858878654311266), ('middle', 0.032858878654311266)]",positive
1,0,46,0_support_health_covid19_thanks,"[('support', 0.05012975622991875), ('health', 0.040742083354585214), ('covid19', 0.018239727713215217), ('thanks', 0.013699911900663173), ('love', 0.013699911900663173), ('grateful', 0.013699911900663173), ('us', 0.013350701505688381), ('panama', 0.012683151932898014), ('care', 0.012088595638578186), ('doctors', 0.012088595638578186)]",positive
2,1,13,1_pool_happy_waiting_swimmingpool,"[('pool', 0.11763506886805206), ('happy', 0.1094019530390697), ('waiting', 0.09656554750788782), ('swimmingpool', 0.07358785566081741), ('pool casaareka', 0.06870035696849071), ('pool swimmingpool', 0.06870035696849071), ('pool swimmingpool pool', 0.06870035696849071), ('panama pool swimmingpool', 0.06870035696849071), ('panama pool', 0.06870035696849071), ('supportsmallbusiness happy', 0.06870035696849071)]",positive
