,Topic,Count,TopicLabel,WordScore,Sentiment
0,-1,13,-1_support_health_gun_anyone,"[('support', 0.03803486102893867), ('health', 0.02903716511206667), ('gun', 0.02422315752654277), ('anyone', 0.02422315752654277), ('gop', 0.02422315752654277), ('services', 0.019129005279834518), ('like', 0.019129005279834518), ('wont', 0.019129005279834518), ('dont', 0.019129005279834518), ('safety', 0.019129005279834518)]",negative
