,Topic,Count,TopicLabel,WordScore,Sentiment
0,-1,37,-1_support_amp_health_dont,"[('support', 0.029486652509039493), ('amp', 0.022185275007495484), ('health', 0.019038486286442564), ('dont', 0.017759483356838645), ('covid19', 0.017420596938801693), ('healthcare', 0.016102340562122272), ('china', 0.015569185903243844), ('economy', 0.015202288626923171), ('service', 0.013478266076753414), ('technology', 0.012505392518973403)]",negative
1,0,51,0_health_amp_support_health services,"[('health', 0.03935813386810062), ('amp', 0.022679737366685097), ('support', 0.02237952274759038), ('health services', 0.02211475820567684), ('services', 0.021624361121516934), ('workers', 0.0189057461922691), ('covid19', 0.016621607154390487), ('lack', 0.013814324573981742), ('medical', 0.013257596580265037), ('covid', 0.01280317680033406)]",negative
2,1,22,1_mental_health_mental health_support,"[('mental', 0.07588142888831058), ('health', 0.07321163362877459), ('mental health', 0.07282334574340812), ('support', 0.045813972493383676), ('health support', 0.028509807952693273), ('mental health support', 0.028509807952693273), ('better mental', 0.020885661488386283), ('better mental health', 0.020885661488386283), ('fear', 0.019523863556816533), ('dont', 0.018970357222077645)]",negative
3,2,12,2_safety_support_anti_say,"[('safety', 0.03568361523922776), ('support', 0.03140019191661912), ('anti', 0.03066873640896696), ('say', 0.0297363460326898), ('people', 0.028317932594823406), ('democracy', 0.025448375228926057), ('gun', 0.02453498912717357), ('courts', 0.019969900275814474), ('gun safety', 0.019969900275814474), ('dark', 0.019969900275814474)]",negative
