,Topic,Count,TopicLabel,WordScore,Sentiment
0,-1,25,-1_health_support_health service_service,"[('health', 0.061670469674142976), ('support', 0.0344458031518851), ('health service', 0.02878358017379601), ('service', 0.02878358017379601), ('amp', 0.025828719641497088), ('covid19', 0.02277567521226841), ('ghana health', 0.019607781260200855), ('ghana health service', 0.019607781260200855), ('services', 0.019607781260200855), ('ghana', 0.019607781260200855)]",negative
