,Topic,Count,TopicLabel,WordScore,Sentiment
0,-1,49,-1_health_support_mental_covid19,"[('health', 0.07026240009015604), ('support', 0.04382282451755522), ('mental', 0.02094002614423542), ('covid19', 0.02094002614423542), ('services', 0.019199913344522663), ('policy', 0.017418378979988863), ('mental health', 0.017418378979988863), ('service', 0.017418378979988863), ('health service', 0.017418378979988863), ('service preaches', 0.015590184742043177)]",positive
