,Topic,Count,TopicLabel,WordScore,Sentiment
0,-1,38,-1_health_passengers_message_covid,"[('health', 0.03368890123245777), ('passengers', 0.02884018368657401), ('message', 0.020539547090758843), ('covid', 0.018457130336353614), ('travel', 0.01640631018847826), ('product', 0.015720865444266905), ('take', 0.014660573930180916), ('sir', 0.014119615821759277), ('like', 0.013882393475487946), ('priority', 0.013868372881325391)]",neutral
1,0,14,0_covid19_better_public_dont,"[('covid19', 0.038538119283691843), ('better', 0.030977465198836783), ('public', 0.030098858729818812), ('dont', 0.02752722805977989), ('public transport', 0.02663292957419603), ('transport', 0.02663292957419603), ('like', 0.02657895658046293), ('amp', 0.025402469353910044), ('infections', 0.024781972159069427), ('travel', 0.024430931552144028)]",neutral
2,1,12,1_medicine_need_help_know,"[('medicine', 0.05590289461698535), ('need', 0.04969146188176475), ('help', 0.03330329996341169), ('know', 0.0317201306665844), ('sir', 0.029911190496937086), ('provided cghs nowadays', 0.029468374547874692), ('help mother need', 0.029468374547874692), ('provided cghs', 0.029468374547874692), ('go allocated', 0.029468374547874692), ('go', 0.029468374547874692)]",neutral
