,Topic,Count,TopicLabel,WordScore,Sentiment
0,0,390,0_health_covid19_travel_covid,False,negative
1,1,32,1_prelims examination scheduled_augfor safety reasons_neeedful_examination scheduled augfor,"[('health', 0.02402583573569211), ('covid19', 0.020144932765547796), ('travel', 0.017628319706682893), ('covid', 0.01566111084569604), ('amp', 0.012457525034236404), ('message', 0.011014985000797435), ('one', 0.008826957584368215), ('people', 0.008664667271032895), ('highest', 0.008501480411144112), ('please', 0.007511154800054303)]",negative
2,2,19,2_migrant workers_workers_bengal_migrant,"[('prelims examination scheduled', 0.0703446375158753), ('augfor safety reasons', 0.0703446375158753), ('neeedful', 0.0703446375158753), ('examination scheduled augfor', 0.0703446375158753), ('note nd', 0.0703446375158753), ('postpone 31st', 0.0703446375158753), ('augfor', 0.0703446375158753), ('prelims', 0.0703446375158753), ('prelims examination', 0.0703446375158753), ('augfor safety', 0.0703446375158753)]",negative
3,3,14,3_kuncicoin_200000_prize_projects prize pool,"[('migrant workers', 0.13392114800379246), ('workers', 0.1322720605797348), ('bengal', 0.1290179814793523), ('migrant', 0.1274025709188099), ('bangladeshi', 0.08047308576699676), ('workers travel amidst', 0.07672045763079118), ('bengal delayed', 0.07672045763079118), ('questionable', 0.07672045763079118), ('corona outbreak bengal', 0.07672045763079118), ('questionable handling corona', 0.07672045763079118)]",negative
