,Topic,Count,TopicLabel,WordScore,Sentiment
0,-1,6,-1_travel healthbenefits_stretching air travel_stretching air_stretching,"[('travel healthbenefits', 0.6351655528422372), ('stretching air travel', 0.6351655528422372), ('stretching air', 0.6351655528422372), ('stretching', 0.6351655528422372), ('healthbenefits', 0.6351655528422372), ('air travel healthbenefits', 0.6351655528422372), ('air travel', 0.6101692130626362), ('air', 0.5615654222523442), ('travel healthbenefits stretching', 0.5425082110970982), ('healthbenefits stretching air', 0.5425082110970982)]",positive
1,0,408,0_health_covid19_amp_travel,"[('health', 0.03298546274480094), ('covid19', 0.02134273100503412), ('amp', 0.018774720534084133), ('travel', 0.017961783255715368), ('message', 0.017060349131793277), ('day', 0.01691131074100543), ('doctors', 0.01318450479240398), ('good', 0.013154081632510277), ('safe', 0.012818739964981339), ('covid', 0.012366597483971797)]",positive
2,1,31,1_true_true worship_worship_satlok ashram youtube,"[('true', 0.1930620805031124), ('true worship', 0.11949493126782325), ('worship', 0.11949493126782325), ('satlok ashram youtube', 0.0678687736110918), ('worldly benefits prosperity', 0.0678687736110918), ('available true', 0.0678687736110918), ('saint rampal ji', 0.0678687736110918), ('ashram youtube', 0.0678687736110918), ('presently true worship', 0.0678687736110918), ('saint rampal', 0.0678687736110918)]",positive
