Unnamed: 0,Topic,Count,TopicLabel,WordScore,Sentiment,TopicWords
0,-1,18,-1_health_journal_authors_osaka,"[('health', 0.030381883747923943), ('journal', 0.02340558314820384), ('authors', 0.02340558314820384), ('osaka', 0.02340558314820384), ('mental', 0.018657063991094222), ('help', 0.018657063991094222), ('fire', 0.018426241999988418), ('nursing', 0.018426241999988418), ('happened', 0.018426241999988418), ('professional', 0.018426241999988418)]",neutral,"['health', 'journal', 'authors', 'osaka', 'mental', 'help', 'fire', 'nursing', 'happened', 'professional ']"
1,0,35,0_appreciate_health_job_im,"[('appreciate', 0.0303492021398861), ('health', 0.02387493571592431), ('job', 0.019387609207542802), ('im', 0.019387609207542802), ('see', 0.017719744282800928), ('thank', 0.017399319395806318), ('care', 0.016617950749322402), ('good', 0.01582251241313575), ('said', 0.014737153887796223), ('stayhome', 0.014255342148669286)]",neutral,"['appreciate', 'health', 'job', 'im', 'see', 'thank', 'care', 'good', 'said', 'stayhome ']"
2,1,15,1_mental health_mental_health_help,"[('mental health', 0.04283142562068698), ('mental', 0.042106376888437484), ('health', 0.04190245323313138), ('help', 0.023392431604687493), ('wouldnt', 0.022573006442770806), ('dont', 0.020196215031400924), ('would', 0.019771060492437372), ('something', 0.018482419567061554), ('workers', 0.017607706225058833), ('need', 0.016929754832078103)]",neutral,"['mental health', 'mental', 'health', 'help', 'wouldnt', 'dont', 'would', 'something', 'workers', 'need ']"
