,Topic,Count,TopicLabel,WordScore,Sentiment
0,-1,27,-1_cbd_health_travel_benefits,"[('cbd', 0.03946247717184999), ('health', 0.030144983994747687), ('travel', 0.027682917588989567), ('benefits', 0.01987431293179636), ('cbd oil', 0.01987431293179636), ('nuleaf', 0.01987431293179636), ('oil', 0.01987431293179636), ('nuleaf naturals', 0.01987431293179636), ('wellness', 0.01987431293179636), ('care', 0.01987431293179636)]",neutral
