Unnamed: 0,Topic,Count,TopicLabel,WordScore,Sentiment,TopicWords
0,-1,45,-1_health_amp_mental_mental health,"[('health', 0.02184816603347945), ('amp', 0.021273586735818285), ('mental', 0.01654279330600923), ('mental health', 0.01654279330600923), ('thank', 0.016314825381327384), ('help', 0.0129980380278876), ('better', 0.012658986702364908), ('need', 0.011722010420513185), ('dont', 0.011722010420513185), ('safety', 0.011357934541227)]",positive,"['health', 'amp', 'mental', 'mental health', 'thank', 'help', 'better', 'need', 'dont', 'safety ']"
1,0,36,0_health_thank_well_day,"[('health', 0.030653750657428168), ('thank', 0.02543364196601908), ('well', 0.023681342184075554), ('day', 0.02239539555530769), ('appreciate', 0.019283272438846342), ('luxembourg', 0.018604737911341908), ('happy', 0.016446395733333848), ('like', 0.01593558438162035), ('one', 0.015130263113357538), ('every', 0.014800838865047223)]",positive,"['health', 'thank', 'well', 'day', 'appreciate', 'luxembourg', 'happy', 'like', 'one', 'every ']"
2,1,17,1_health_help_covid_long,"[('health', 0.03361567108618567), ('help', 0.02999824587850897), ('covid', 0.02686179118992205), ('long', 0.026210122738750577), ('healthcare', 0.02446550560077894), ('world', 0.019657592054062936), ('covid19', 0.018937306155081497), ('medical', 0.018937306155081497), ('important', 0.018937306155081497), ('everyone', 0.018349129200584208)]",positive,"['health', 'help', 'covid', 'long', 'healthcare', 'world', 'covid', 'medical', 'important', 'everyone ']"
