,Topic,Count,TopicLabel,WordScore,Sentiment
0,-1,19,-1_health_services_health services_get,"[('health', 0.04422322121793972), ('services', 0.032309933134369105), ('health services', 0.030131143452180004), ('get', 0.024507582365909983), ('muslims', 0.01606960168178705), ('country', 0.01606960168178705), ('mental health', 0.01595216672745017), ('mental', 0.015480726864294301), ('support', 0.013774497152724486), ('virus', 0.011436273341439155)]",negative
1,0,29,0_health_mental_support_services,"[('health', 0.045967502612173576), ('mental', 0.027850375178690233), ('support', 0.026845874876833212), ('services', 0.025834094446130065), ('mental health', 0.02391542680602457), ('health services', 0.02258624700093075), ('amp', 0.016132732594260207), ('million', 0.01469666916798139), ('us', 0.01469666916798139), ('im', 0.014210356130919281)]",negative
2,1,11,1_support_palestinians_lebanon_2020,"[('support', 0.05639144748987329), ('palestinians', 0.044591844987728904), ('lebanon', 0.043116300065520946), ('2020', 0.03711941635609025), ('support lebanon', 0.03711941635609025), ('people', 0.03057760306181933), ('donate', 0.029238836230763753), ('khan', 0.029238836230763753), ('municipality', 0.029238836230763753), ('redcrescent ministry health', 0.029238836230763753)]",negative
