,Topic,Count,TopicLabel,WordScore,Sentiment
0,-1,35,-1_health_amp_support_reproductive,"[('health', 0.03674806931043195), ('amp', 0.03023844003028079), ('support', 0.024498030861338525), ('reproductive', 0.021004934277752258), ('reproductive health', 0.021004934277752258), ('team', 0.019828971370765173), ('hospital', 0.019584503981120435), ('benefit', 0.016660425915933263), ('us', 0.015753700708314194), ('every', 0.015753700708314194)]",positive
1,0,90,0_health_support_mental_mental health,"[('health', 0.05779918683817501), ('support', 0.043481974027341636), ('mental', 0.02290780020513655), ('mental health', 0.02070270263556146), ('services', 0.018174665304561317), ('health services', 0.016311149297640895), ('covid19', 0.016311149297640895), ('workers', 0.015228510780649086), ('community', 0.015040761541966395), ('amp', 0.014862662156486755)]",positive
2,1,14,1_support_growth_development_basic,"[('support', 0.04069791534677598), ('growth', 0.033980860734841745), ('development', 0.032999445512628636), ('basic', 0.032999445512628636), ('technical', 0.032999445512628636), ('food', 0.032999445512628636), ('amp', 0.03196728287990849), ('health', 0.029969299243459067), ('discussion highlighted importance', 0.028145966869866323), ('discussion highlighted', 0.028145966869866323)]",positive
