,Topic,Count,TopicLabel,WordScore,Sentiment
0,-1,42,-1_gift_sa_health_care,"[('gift', 0.033261896154408305), ('sa', 0.024927087465838053), ('health', 0.024927087465838053), ('care', 0.024927087465838053), ('gifts', 0.021975773020459107), ('covid19', 0.018914474624507637), ('health workers', 0.017335928464251825), ('workers', 0.017335928464251825), ('na', 0.015720744837728968), ('leni', 0.015720744837728968)]",negative
