,Topic,Count,TopicLabel,WordScore,Sentiment
0,-1,29,-1_gift_health_assessment_said,"[('gift', 0.04742109206437937), ('health', 0.03777946276607135), ('assessment', 0.02727167989574133), ('said', 0.02727167989574133), ('vaccines', 0.022737067123716516), ('ask', 0.022737067123716516), ('na', 0.020376875022417893), ('may', 0.020376875022417893), ('good', 0.020376875022417893), ('us', 0.020376875022417893)]",neutral
