,Topic,Count,TopicLabel,WordScore,Sentiment
0,-1,10,-1_coming fathers_appreciation giving gift_health fitness_health fitness coming,"[('coming fathers', 0.07079638245199693), ('appreciation giving gift', 0.07079638245199693), ('health fitness', 0.07079638245199693), ('health fitness coming', 0.07079638245199693), ('dad love appreciation', 0.07079638245199693), ('dad love', 0.07079638245199693), ('gift health fitness', 0.07079638245199693), ('coming fathers day', 0.07079638245199693), ('day order online', 0.07079638245199693), ('giving gift health', 0.07079638245199693)]",positive
1,0,223,0_gift_health_thank_good,"[('gift', 0.040832517051220145), ('health', 0.03127629238930772), ('thank', 0.028373189884625706), ('good', 0.023580894793561524), ('good health', 0.02027240269582647), ('life', 0.01948201620095822), ('love', 0.01944363688809373), ('family', 0.015053309853738931), ('gifts', 0.014686669982303297), ('us', 0.01403285158308092)]",positive
2,1,27,1_care_package_care package_workers,"[('care', 0.037589346537917276), ('package', 0.03301407300120031), ('care package', 0.03301407300120031), ('workers', 0.03249268102548153), ('food', 0.03201680318372544), ('covid19', 0.029801034754410823), ('provide', 0.029345842667733612), ('may', 0.027199979805440172), ('provide food', 0.02662739966982703), ('contamination', 0.023873560651781447)]",positive
3,2,17,2_greatest_wealth faithfulness best_health greatest_gift contentment greatest,"[('greatest', 0.21484115437250792), ('wealth faithfulness best', 0.12984841450535184), ('health greatest', 0.12984841450535184), ('gift contentment greatest', 0.12984841450535184), ('gift contentment', 0.12984841450535184), ('contentment', 0.12984841450535184), ('faithfulness best', 0.12984841450535184), ('greatest wealth', 0.12984841450535184), ('greatest wealth faithfulness', 0.12984841450535184), ('wealth faithfulness', 0.12984841450535184)]",positive
