,Topic,Count,TopicLabel,WordScore,Sentiment
0,-1,53,-1_health_bonus_safe_travel,"[('health', 0.03947624679768066), ('bonus', 0.02852056733710339), ('safe', 0.017805838096512948), ('travel', 0.017805838096512948), ('covid19', 0.016148620929360997), ('happy', 0.01444878953766106), ('care', 0.01444878953766106), ('new', 0.012700183531246847), ('message', 0.012700183531246847), ('telehealth', 0.012700183531246847)]",positive
