,Topic,Count,TopicLabel,WordScore,Sentiment
0,-1,42,-1_amp_health_travel_covid,"[('amp', 0.02935604914895396), ('health', 0.02281089735547085), ('travel', 0.019343453592992586), ('covid', 0.017549150939417436), ('message', 0.015707767738313297), ('bonus', 0.01381249406366825), ('sex', 0.01381249406366825), ('years', 0.01381249406366825), ('get', 0.01381249406366825), ('workers', 0.01381249406366825)]",negative
