,Topic,Count,TopicLabel,WordScore,Sentiment
0,0,243,0_health_travel_na_sa,False,neutral
1,1,11,1_get_looking_ky_people looking accommodations,"[('health', 0.03626978139256897), ('travel', 0.022657280298640614), ('na', 0.01542840925773799), ('sa', 0.01405635834392827), ('ang', 0.01405635834392827), ('quarantine', 0.012357530264535822), ('covid19', 0.010290490978984176), ('workers', 0.009986569413453), ('bonus', 0.009986569413453), ('time', 0.009371459552647834)]",neutral
