,Topic,Count,TopicLabel,WordScore,Sentiment
0,-1,73,-1_get_covid19_bonus_people,"[('get', 0.021224674628987656), ('covid19', 0.020712266247230843), ('bonus', 0.01901867282575044), ('people', 0.01788479534774592), ('health', 0.017296348357279664), ('care', 0.01485727224029136), ('work', 0.013748470096426225), ('home', 0.012176646190330542), ('conditioners', 0.01173262820382551), ('sized', 0.01173262820382551)]",neutral
1,0,199,0_health_travel_covid19_medical,"[('health', 0.034733440413880885), ('travel', 0.02464774647223607), ('covid19', 0.017715567776919676), ('medical', 0.013342012665907874), ('people', 0.011502228838779556), ('care', 0.010773909232084738), ('amp', 0.010057523262889079), ('mental', 0.009745160096915303), ('would', 0.009573329898968174), ('alcohol', 0.009015885383513288)]",neutral
2,1,51,1_salary_bonus_sales_workers,"[('salary', 0.045656587760293695), ('bonus', 0.0313635941114745), ('sales', 0.026237159761989298), ('workers', 0.025367881828283628), ('assistant', 0.02212162532122123), ('anc', 0.02024544962027617), ('still', 0.01860755063918936), ('work', 0.01610942941809686), ('bonuses', 0.016038652692370096), ('pay', 0.01548513772485486)]",neutral
3,2,45,2_voucher_vouchers_please_get,"[('voucher', 0.06904399667467753), ('vouchers', 0.03947032905208129), ('please', 0.025992133958973436), ('get', 0.025732725355970987), ('food', 0.025134585048279395), ('food voucher', 0.01907389933652791), ('us', 0.01848454864955499), ('prices', 0.015750462103476883), ('would', 0.01550858804042692), ('trying', 0.015259119469222327)]",neutral
