,Topic,Count,TopicLabel,WordScore,Sentiment
0,-1,18,-1_health_pandemic_mental_health care,"[('health', 0.04223862798173026), ('pandemic', 0.0241966537891847), ('mental', 0.0241966537891847), ('health care', 0.0241966537891847), ('care', 0.0241966537891847), ('work', 0.02015179479398946), ('nurse', 0.02015179479398946), ('mental health', 0.02015179479398946), ('workers', 0.02015179479398946), ('message', 0.02015179479398946)]",negative
