,Topic,Count,TopicLabel,WordScore,Sentiment
0,-1,4,-1_kuwait_salmiya_hospitals_massage,"[('kuwait', 0.07414486680803017), ('salmiya', 0.053328105460788144), ('hospitals', 0.053328105460788144), ('massage', 0.053328105460788144), ('salmiya kuwait', 0.053328105460788144), ('support', 0.046669678647004574), ('hospitals erbil', 0.030002898922824407), ('salmiya kuwait please', 0.030002898922824407), ('hawalli travel', 0.030002898922824407), ('give us', 0.030002898922824407)]",positive
1,0,21,0_health_subah al_subah_subah al salem,"[('health', 0.1342477489772998), ('subah al', 0.12907754720162), ('subah', 0.12907754720162), ('subah al salem', 0.12907754720162), ('platinum', 0.12907754720162), ('platinum health', 0.12907754720162), ('club subah al', 0.12907754720162), ('platinum health club', 0.12907754720162), ('club subah', 0.12907754720162), ('salem', 0.12907754720162)]",positive
2,1,12,1_hearts_nurses_get_help,"[('hearts', 0.019233066953962714), ('nurses', 0.019233066953962714), ('get', 0.019233066953962714), ('help', 0.019233066953962714), ('health', 0.014865437685798061), ('queer folk rebels', 0.013833230363888654), ('engineers footballers givers', 0.013833230363888654), ('chefs', 0.013833230363888654), ('risk', 0.013833230363888654), ('may', 0.013833230363888654)]",positive
