,Topic,Count,TopicLabel,WordScore,Sentiment
0,-1,11,-1_health_care_immigrants_charity,"[('health', 0.049568427986057935), ('care', 0.031798750316855896), ('immigrants', 0.025192375657379584), ('charity', 0.025192375657379584), ('migrant', 0.025192375657379584), ('us', 0.025192375657379584), ('policy', 0.025192375657379584), ('amp', 0.025192375657379584), ('people', 0.018059099456528088), ('health care', 0.018059099456528088)]",negative
