,Topic,Count,TopicLabel,WordScore,Sentiment
0,-1,11,-1_mask_still_wearing mask_wearing,"[('mask', 0.04597073431325215), ('still', 0.04597073431325215), ('wearing mask', 0.04597073431325215), ('wearing', 0.04597073431325215), ('labor', 0.04597073431325215), ('support', 0.033314987926630894), ('measures', 0.026409292026871665), ('examined continuing covid19', 0.026409292026871665), ('mask permanent', 0.026409292026871665), ('examined', 0.026409292026871665)]",positive
