Unnamed: 0,Topic,Count,TopicLabel,WordScore,Sentiment,TopicWords
0,-1,14,-1_image_pandemic_medical_doctors,"[('image', 0.02929872645175263), ('pandemic', 0.02698159925989874), ('medical', 0.02698159925989874), ('doctors', 0.025456982384957774), ('get', 0.02232308187669623), ('health', 0.021708936585483247), ('access', 0.02075956268770171), ('recedes access', 0.02075956268770171), ('recedes', 0.02075956268770171), ('expanded', 0.02075956268770171)]",neutral,"['image', 'pandemic', 'medical', 'doctors', 'get', 'health', 'access', 'recedes access', 'recedes', 'expanded ']"
1,0,49,0_health_help_people_housing,"[('health', 0.034310100925332716), ('help', 0.024925455567489346), ('people', 0.020407632691611926), ('housing', 0.01674790509878981), ('mental health', 0.01644527684026661), ('mental', 0.01644527684026661), ('needs', 0.01366609733200191), ('better', 0.011318401158100256), ('would', 0.010976227998120112), ('im', 0.010474200336851897)]",neutral,"['health', 'help', 'people', 'housing', 'mental health', 'mental', 'needs', 'better', 'would', 'im ']"
2,1,38,1_covid19_covid_health_public,"[('covid19', 0.027041090286891667), ('covid', 0.02533499266934178), ('health', 0.02427428741451748), ('public', 0.018720754814001924), ('public health', 0.017452471686138085), ('science', 0.014623020792836769), ('hospital', 0.013894618998314335), ('risk', 0.013894618998314335), ('care', 0.01382171059197478), ('hospitals', 0.013596638133364035)]",neutral,"['covid', 'covid', 'health', 'public', 'public health', 'science', 'hospital', 'risk', 'care', 'hospitals ']"
3,2,24,2_appreciate_mask_dont_see,"[('appreciate', 0.03215909553350319), ('mask', 0.02743564733394755), ('dont', 0.024299840354137545), ('see', 0.02062422466659953), ('amp', 0.0198207445378396), ('year', 0.017020650429183434), ('wear', 0.017020650429183434), ('workers', 0.016058884945349707), ('ok', 0.015677512762255742), ('man', 0.013861763052442104)]",neutral,"['appreciate', 'mask', 'dont', 'see', 'amp', 'year', 'wear', 'workers', 'ok', 'man ']"
