,Topic,Count,TopicLabel,WordScore,Sentiment
0,-1,22,-1_support_health_amp_mental health,"[('support', 0.05732683199169892), ('health', 0.046516870565536286), ('amp', 0.02838934209948619), ('mental health', 0.021579288158152472), ('mental', 0.021579288158152472), ('also', 0.021579288158152472), ('would', 0.017954554870945615), ('medical', 0.017954554870945615), ('safe', 0.017954554870945615), ('bucharest', 0.017954554870945615)]",positive
