,Topic,Count,TopicLabel,WordScore,Sentiment
0,-1,12,-1_support_shelter_health_help,"[('support', 0.04931977690381412), ('shelter', 0.03931625433524925), ('health', 0.028402740461650672), ('help', 0.028402740461650672), ('shelter need monthly', 0.022470740962989236), ('beautiful', 0.022470740962989236), ('thisnobody keep shelter', 0.022470740962989236), ('care vaccineswithout', 0.022470740962989236), ('care', 0.022470740962989236), ('puppyhungryfound place private', 0.022470740962989236)]",negative
