,Topic,Count,TopicLabel,WordScore,Sentiment
0,-1,12,-1_amp_support_training courses_training,"[('amp', 0.0658431184949029), ('support', 0.046764215571226724), ('training courses', 0.033902270903340706), ('training', 0.033902270903340706), ('courses', 0.033902270903340706), ('inventory', 0.033902270903340706), ('covid19', 0.029275613278486354), ('analysis', 0.029275613278486354), ('health', 0.02442396779387125), ('azerbaijan', 0.02442396779387125)]",positive
