,Topic,Count,TopicLabel,WordScore,Sentiment
0,-1,28,-1_covid19_travel_country_health,"[('covid19', 0.030615268994764865), ('travel', 0.030615268994764865), ('country', 0.02602405570962839), ('health', 0.02119187327704814), ('message', 0.02119187327704814), ('people', 0.01866482013997907), ('norway', 0.01866482013997907), ('would', 0.01866482013997907), ('amp', 0.01604744860956878), ('even', 0.01604744860956878)]",negative
