,Topic,Count,TopicLabel,WordScore,Sentiment
0,-1,71,-1_health_greece_happy_travel,"[('health', 0.05632053886885369), ('greece', 0.036704495751278314), ('happy', 0.028318116372936526), ('travel', 0.023847190439828733), ('holidays', 0.022693802682844166), ('new', 0.021524399552587604), ('healthy', 0.02033790302538536), ('summer', 0.02033790302538536), ('year', 0.019133080697698434), ('love', 0.019133080697698434)]",positive
