,Topic,Count,TopicLabel,WordScore,Sentiment
0,-1,21,-1_travel_covid_health_greece,"[('travel', 0.06312981215323822), ('covid', 0.05259675275588293), ('health', 0.04984285775414128), ('greece', 0.02871475744991801), ('restrictions', 0.02183009820211981), ('travel restrictions', 0.02183009820211981), ('daphne tolis', 0.018164971591607616), ('tolis', 0.018164971591607616), ('daphne', 0.018164971591607616), ('2022', 0.018164971591607616)]",negative
