,Topic,Count,TopicLabel,WordScore,Sentiment
0,-1,87,-1_gift_health_amp_care,"[('gift', 0.055293336408289394), ('health', 0.04752856415047087), ('amp', 0.019041164287189702), ('care', 0.019041164287189702), ('safe', 0.015460156105581309), ('great', 0.013593677590763943), ('home', 0.012637936416393087), ('healthcare', 0.012637936416393087), ('make', 0.011665386737274831), ('give', 0.011665386737274831)]",positive
