,Topic,Count,TopicLabel,WordScore,Sentiment
0,-1,49,-1_gift_health_covid_would,"[('gift', 0.051646296249847554), ('health', 0.03712882627914756), ('covid', 0.028517937374797343), ('would', 0.019066627732755616), ('care', 0.01762198614056259), ('city', 0.016147091622930772), ('people', 0.016147091622930772), ('amp', 0.014638549084287439), ('used', 0.014638549084287439), ('call', 0.014638549084287439)]",negative
