,Topic,Count,TopicLabel,WordScore,Sentiment
0,-1,39,-1_health_support_mental_mental health,"[('health', 0.07003006858742011), ('support', 0.05498983065054826), ('mental', 0.03643041452399925), ('mental health', 0.03643041452399925), ('covid19', 0.024935159520363067), ('services', 0.022879330390367388), ('also', 0.022879330390367388), ('amp', 0.022879330390367388), ('people', 0.022879330390367388), ('need', 0.022879330390367388)]",neutral
