,Topic,Count,TopicLabel,WordScore,Sentiment
0,-1,16,-1_support_wait_oh wait republicans_republicans,"[('support', 0.036819321849143216), ('wait', 0.036493113600381474), ('oh wait republicans', 0.03210194482861676), ('republicans', 0.03210194482861676), ('oh wait', 0.03210194482861676), ('wait republicans', 0.03210194482861676), ('oh', 0.030567941147886406), ('health', 0.02723764441133182), ('covid', 0.0249502379544559), ('wait republicans shot', 0.02284386712436401)]",negative
1,0,72,0_health_support_amp_people,"[('health', 0.05251334355472096), ('support', 0.02825507833438953), ('amp', 0.024492696544335172), ('people', 0.020116737097192038), ('services', 0.018886673570982657), ('mental', 0.017892638119878308), ('covid19', 0.014893755472376584), ('health services', 0.01470612836556324), ('mental health', 0.014529952091585342), ('care', 0.014363916791112886)]",negative
2,1,19,1_strike_support_dont_worker,"[('strike', 0.04042593193592356), ('support', 0.03039829221099242), ('dont', 0.029965991773498138), ('worker', 0.024255559161554138), ('many', 0.024255559161554138), ('workers', 0.02103092345347593), ('stop', 0.018860058067355717), ('union', 0.018860058067355717), ('johnson', 0.018860058067355717), ('doesnt', 0.018860058067355717)]",negative
