,Topic,Count,TopicLabel,WordScore,Sentiment
0,-1,21,-1_health_support_people_need,"[('health', 0.04184007973310653), ('support', 0.03905178675957455), ('people', 0.03327073192613428), ('need', 0.020635536887304295), ('shib', 0.017163058338709763), ('lebanon', 0.017163058338709763), ('campaign', 0.0135057333290096), ('mental health', 0.0135057333290096), ('russia', 0.0135057333290096), ('food', 0.0135057333290096)]",negative
