,Topic,Count,TopicLabel,WordScore,Sentiment
0,-1,10,-1_team_sexual_amp_support,"[('team', 0.05534529611708566), ('sexual', 0.038570618523677005), ('amp', 0.035901001168358856), ('support', 0.03524730406099663), ('health', 0.033921044216038226), ('youthled civil society', 0.032067126972521315), ('sni team mechanisms', 0.032067126972521315), ('field sexual', 0.032067126972521315), ('regional members', 0.032067126972521315), ('regional', 0.032067126972521315)]",positive
1,0,43,0_support_health_services_health services,"[('support', 0.03980090130351365), ('health', 0.03249977141369025), ('services', 0.02076625349232414), ('health services', 0.016376155159636627), ('us', 0.015499274851070234), ('healthcare', 0.015499274851070234), ('amp', 0.014741472546784222), ('people', 0.013561865494686454), ('lebanon', 0.011624456138302675), ('egypt', 0.010558437472961861)]",positive
2,1,15,1_health_mental_mental health_community,"[('health', 0.1055862011560698), ('mental', 0.09021342687622023), ('mental health', 0.08275836506700505), ('community', 0.0670582843894993), ('support', 0.06370516840532589), ('health workers', 0.053394021376593014), ('workers', 0.051583295684230236), ('support community', 0.05001490899105488), ('covid19', 0.04570277920236913), ('psychosocial support community', 0.04548147866133724)]",positive
