,Topic,Count,TopicLabel,WordScore,Sentiment
0,-1,16,-1_amp_health_support_nobody,"[('amp', 0.025025539195739886), ('health', 0.024634531205269705), ('support', 0.02262264547746467), ('nobody', 0.022189609406418797), ('democrat', 0.022189609406418797), ('dem', 0.022189609406418797), ('safe', 0.021337576901645974), ('things', 0.02064194827691946), ('police', 0.019097192978067605), ('biden', 0.017466685279430433)]",negative
1,0,22,0_health_mental health_mental_support,"[('health', 0.057924438239417946), ('mental health', 0.03063897692110943), ('mental', 0.03063897692110943), ('support', 0.02955210445254394), ('services', 0.026809104805970752), ('issue', 0.024268236487729637), ('need', 0.024268236487729637), ('health services', 0.023577296059673344), ('dont', 0.022979232690832074), ('call', 0.020905058450936934)]",negative
2,1,22,1_support_covid19_corrupt_care,"[('support', 0.0255274987878006), ('covid19', 0.024378542491696246), ('corrupt', 0.023760776962861465), ('care', 0.023586665037432723), ('amp', 0.022591148223391644), ('get', 0.01805806605489494), ('trumps', 0.01805806605489494), ('big', 0.01805806605489494), ('health care', 0.017469353113735344), ('gun', 0.017469353113735344)]",negative
