,Topic,Count,TopicLabel,WordScore,Sentiment
0,-1,63,-1_health_support_sngx_need,"[('health', 0.05324251498156209), ('support', 0.039042952496372414), ('sngx', 0.02052116985970838), ('need', 0.02052116985970838), ('covid19', 0.016813986890063026), ('mental', 0.015533549818198536), ('mental health', 0.015533549818198536), ('healthcare', 0.0142271019614226), ('services', 0.0142271019614226), ('care', 0.012891726762351265)]",positive
