,Topic,Count,TopicLabel,WordScore,Sentiment
0,-1,10,-1_health_mental_2022_mental health,"[('health', 0.07478066254844874), ('mental', 0.040610174205473006), ('2022', 0.040610174205473006), ('mental health', 0.040610174205473006), ('gun control', 0.03399464131812323), ('okay', 0.03399464131812323), ('control', 0.03399464131812323), ('gun', 0.03399464131812323), ('performance', 0.03399464131812323), ('sports', 0.03399464131812323)]",neutral
