,Topic,Count,TopicLabel,WordScore,Sentiment
0,-1,30,-1_health_amp_good_dear,"[('health', 0.05301676122653347), ('amp', 0.037873118240395645), ('good', 0.022795032749048403), ('dear', 0.020429090504190613), ('travel', 0.020429090504190613), ('public', 0.020429090504190613), ('happy', 0.020429090504190613), ('im', 0.017989257151228687), ('free', 0.015463020171325063), ('holiday', 0.015463020171325063)]",positive
