,Topic,Count,TopicLabel,WordScore,Sentiment
0,-1,19,-1_amp_great_travel_price,"[('amp', 0.03226942919332949), ('great', 0.024573547845261397), ('travel', 0.024573547845261397), ('price', 0.024573547845261397), ('way comes', 0.02046844309141337), ('way comes whats', 0.02046844309141337), ('discounted', 0.02046844309141337), ('looking easy way', 0.02046844309141337), ('lockdown fit amp', 0.02046844309141337), ('package', 0.02046844309141337)]",negative
