,Topic,Count,TopicLabel,WordScore,Sentiment
0,-1,28,-1_health_support_covid19_mental,"[('health', 0.054652020499188325), ('support', 0.04303466772128921), ('covid19', 0.032921258839304766), ('mental', 0.030245079744133294), ('mental health', 0.024667805987832015), ('hospitals', 0.024667805987832015), ('system', 0.021745793899919853), ('people', 0.021745793899919853), ('thats', 0.021745793899919853), ('great', 0.021745793899919853)]",positive
