,Topic,Count,TopicLabel,WordScore,Sentiment
0,-1,13,-1_gift_health_feilding_taihape,"[('gift', 0.04844549884681426), ('health', 0.030360367707678925), ('feilding', 0.025337787179028234), ('taihape', 0.025337787179028234), ('love', 0.025337787179028234), ('sr', 0.025337787179028234), ('god', 0.025337787179028234), ('ww2', 0.025337787179028234), ('mori', 0.020019315239869637), ('gave', 0.020019315239869637)]",negative
