,Topic,Count,TopicLabel,WordScore,Sentiment
0,-1,11,-1_health_amp_public_sonic,"[('health', 0.04995819549731611), ('amp', 0.04499300234524186), ('public', 0.0344458031518851), ('sonic', 0.02878358017379601), ('happy', 0.02878358017379601), ('electric', 0.02878358017379601), ('travel', 0.02878358017379601), ('sonic electric', 0.02878358017379601), ('home', 0.02878358017379601), ('stay', 0.02878358017379601)]",positive
