,Topic,Count,TopicLabel,WordScore,Sentiment
0,-1,11,-1_quarantine_workers_healthcare_sauce,"[('quarantine', 0.03433884568746432), ('workers', 0.03433884568746432), ('healthcare', 0.03009902507896866), ('sauce', 0.028565253124690555), ('mga', 0.028565253124690555), ('healthcare workers', 0.028565253124690555), ('free', 0.027628380638639278), ('went', 0.026577743415336072), ('drinks', 0.02516972092742373), ('singapore', 0.024899462779156986)]",positive
1,0,47,0_gift_singapore_health_good,"[('gift', 0.04725189337208999), ('singapore', 0.04076768291279058), ('health', 0.03380798565407067), ('good', 0.024333696247481544), ('thank', 0.02366380777299181), ('good health', 0.02199789203928351), ('voucher', 0.020392089491001266), ('gifts', 0.020392089491001266), ('winner', 0.01874517243427256), ('free', 0.01871822788267811)]",positive
2,1,27,1_care_package_care package_love,"[('care', 0.09091126826051481), ('package', 0.08898187397137233), ('care package', 0.08898187397137233), ('love', 0.030431866457506833), ('home', 0.025287573862235957), ('work', 0.025287573862235957), ('tea', 0.025287573862235957), ('thinks', 0.025287573862235957), ('yesterday', 0.02446524614658993), ('snacks', 0.023770501367957525)]",positive
3,2,13,2_sale_receive_qoo10_sale top spenders,"[('sale', 0.08878838569319741), ('receive', 0.05365339521776465), ('qoo10', 0.05365339521776465), ('sale top spenders', 0.05365339521776465), ('sale top', 0.05365339521776465), ('21st century', 0.05268907134192415), ('top spenders', 0.05268907134192415), ('century', 0.05268907134192415), ('spenders', 0.05268907134192415), ('21stcenturysg', 0.05268907134192415)]",positive
