,Topic,Count,TopicLabel,WordScore,Sentiment
0,-1,22,-1_care_free_singapore_package,"[('care', 0.035881717927100217), ('free', 0.029996189011049664), ('singapore', 0.029996189011049664), ('package', 0.026923268581133808), ('care package', 0.026923268581133808), ('gift', 0.026923268581133808), ('shot', 0.02374707121800522), ('left', 0.02045005809810481), ('covid', 0.02045005809810481), ('gifts', 0.017007551937274275)]",negative
