Unnamed: 0,Topic,Count,TopicLabel,WordScore,Sentiment,TopicWords
0,-1,27,-1_covid19_thank_medicine_health,"[('covid19', 0.021637196945436556), ('thank', 0.019741107663659264), ('medicine', 0.018653316844162958), ('health', 0.018542560838339876), ('help', 0.016628192386862892), ('exercise', 0.015961739170959343), ('flight', 0.015961739170959343), ('circular', 0.015961739170959343), ('sustainable', 0.015961739170959343), ('cycling', 0.015961739170959343)]",positive,"['covid', 'thank', 'medicine', 'health', 'help', 'exercise', 'flight', 'circular', 'sustainable', 'cycling ']"
1,0,56,0_health_help_stay_covid19,"[('health', 0.043602021699474934), ('help', 0.02653246037651375), ('stay', 0.025136015093539348), ('covid19', 0.024530909449547125), ('mental', 0.02119946017598203), ('mental health', 0.02119946017598203), ('stayhome', 0.01577489960636535), ('care', 0.015640141238107294), ('take', 0.01516020928953316), ('amp', 0.01508882055680644)]",positive,"['health', 'help', 'stay', 'covid', 'mental', 'mental health', 'stayhome', 'care', 'take', 'amp ']"
2,1,42,1_health_year_thank_happy,"[('health', 0.034404365347842115), ('year', 0.027309727857667238), ('thank', 0.02260482046870195), ('happy', 0.021958355598252547), ('people', 0.019783994646442732), ('new', 0.019762520038427295), ('great', 0.016981958890350656), ('nurses', 0.016981958890350656), ('new year', 0.016981958890350656), ('us', 0.016805986373949068)]",positive,"['health', 'year', 'thank', 'happy', 'people', 'new', 'great', 'nurses', 'new year', 'us ']"
3,2,20,2_greece_stayhome_athens_athens greece,"[('greece', 0.04849482945431616), ('stayhome', 0.04004198229764698), ('athens', 0.03597334219846253), ('athens greece', 0.03499182448959244), ('safe', 0.03354290823190596), ('home', 0.032768191630895914), ('stay', 0.03032641713929362), ('health', 0.025765968072552596), ('gadala', 0.024952236836529813), ('belly', 0.024952236836529813)]",positive,"['greece', 'stayhome', 'athens', 'athens greece', 'safe', 'home', 'stay', 'health', 'gadala', 'belly ']"
