,Topic,Count,TopicLabel,WordScore,Sentiment
0,-1,37,-1_health_support_amp_healthcare,"[('health', 0.040735685148510545), ('support', 0.03762286971727897), ('amp', 0.036035380275314076), ('healthcare', 0.0186397458320177), ('services', 0.014679495645112766), ('mental', 0.014679495645112766), ('mental health', 0.014679495645112766), ('like', 0.014679495645112766), ('need', 0.012602660922850997), ('police', 0.012602660922850997)]",negative
