,Topic,Count,TopicLabel,WordScore,Sentiment
0,-1,37,-1_health_covid19_montenegro_travel,"[('health', 0.05304658648097552), ('covid19', 0.030629631253304403), ('montenegro', 0.023307133144401693), ('travel', 0.023307133144401693), ('food', 0.019404710224021286), ('amp', 0.017376791808186187), ('safe', 0.017376791808186187), ('good', 0.015288055097134077), ('test', 0.015288055097134077), ('holiday', 0.015288055097134077)]",positive
