,Topic,Count,TopicLabel,WordScore,Sentiment
0,-1,6,-1_still_us_strandedaussies_support,"[('still', 0.06312651516404273), ('us', 0.06161752613261746), ('strandedaussies', 0.06161752613261746), ('support', 0.06050186193743824), ('auspol', 0.05200319667774114), ('attempt', 0.0481972049767667), ('healthcare', 0.0481972049767667), ('access', 0.03614790373257503), ('get benifets emergancy', 0.03244016147703741), ('still support get', 0.03244016147703741)]",negative
1,0,20,0_support_access_nurses_covid19,"[('support', 0.033817634620052814), ('access', 0.023572432128374985), ('nurses', 0.022418496628307482), ('covid19', 0.022418496628307482), ('attempt', 0.020204941824321414), ('could', 0.01934197410340051), ('food roof', 0.018682080523589568), ('overseas', 0.018682080523589568), ('roof', 0.018682080523589568), ('food', 0.018124697540638324)]",negative
2,1,17,1_home_yet_prevented coming_prevented coming home,"[('home', 0.05554255876742982), ('yet', 0.054579968435229394), ('prevented coming', 0.05211620311455811), ('prevented coming home', 0.05211620311455811), ('coming home', 0.05211620311455811), ('coming', 0.05211620311455811), ('covid', 0.05211620311455811), ('prevented', 0.05211620311455811), ('support', 0.04414891065589054), ('citizens', 0.04173762292105777)]",negative
