,Topic,Count,TopicLabel,WordScore,Sentiment
0,0,153,0_support_health_covid19_amp,False,positive
1,1,33,1_local_skincare give_merdeka sale local_sale local,"[('support', 0.03861662593623135), ('health', 0.0263553977702295), ('covid19', 0.02072422294120616), ('amp', 0.019367632130988126), ('safe', 0.014973092685325571), ('thank', 0.014299234306639345), ('supporting', 0.014188993027949966), ('awards', 0.011863776750848733), ('always', 0.011863776750848733), ('stay', 0.011382618643460223)]",positive
2,2,19,2_shop_supplements_21stcenturysg_store,"[('local', 0.10547681876268876), ('skincare give', 0.06598095197870125), ('merdeka sale local', 0.06598095197870125), ('sale local', 0.06598095197870125), ('skincare give try', 0.06598095197870125), ('sale local skincare', 0.06598095197870125), ('local skincare give', 0.06598095197870125), ('ada', 0.06439297382605956), ('cashback 10', 0.06312489947851077), ('amp cashback 10', 0.06312489947851077)]",positive
3,3,14,3_free_local_alluskin free gift_gift free,"[('shop', 0.06649376912430692), ('supplements', 0.06649376912430692), ('21stcenturysg', 0.06329579157579263), ('store', 0.05675938903577846), ('shop visit intenz', 0.05341435047744732), ('intenz healthcare', 0.05341435047744732), ('intenz', 0.05341435047744732), ('store 21stcenturysg', 0.05341435047744732), ('visit intenz healthcare', 0.05341435047744732), ('visit intenz', 0.05341435047744732)]",positive
