,Topic,Count,TopicLabel,WordScore,Sentiment
0,-1,22,-1_health_support_mental_mental health,"[('health', 0.060510976131028696), ('support', 0.04228342709962226), ('mental', 0.030590170407325395), ('mental health', 0.027459560027530628), ('also', 0.020862992534565895), ('good', 0.01735378055455943), ('still', 0.01735378055455943), ('services', 0.01735378055455943), ('give', 0.01735378055455943), ('make', 0.01735378055455943)]",neutral
