,Topic,Count,TopicLabel,WordScore,Sentiment
0,-1,65,-1_support_health_people_mental,"[('support', 0.045319446163867856), ('health', 0.0352038691343514), ('people', 0.025055566819845512), ('mental', 0.02407816342848702), ('mental health', 0.023089749677938712), ('singapore', 0.022089740423977777), ('worker', 0.01901323949342351), ('amp', 0.015803474526483903), ('covid', 0.014698529986757766), ('migrant', 0.010054851428845187)]",negative
