,Topic,Count,TopicLabel,WordScore,Sentiment
0,-1,12,-1_check_teams_medical_covid,"[('check', 0.02305398691720042), ('teams', 0.02305398691720042), ('medical', 0.021875168744373046), ('covid', 0.021875168744373046), ('much', 0.021875168744373046), ('travel', 0.02131463018363498), ('seoul', 0.02096193498274388), ('nanoori hospital right', 0.01647833514294028), ('foot casted', 0.01647833514294028), ('foot', 0.01647833514294028)]",negative
1,0,15,0_south_travel_coronavirus_koreas,"[('south', 0.05058544930750651), ('travel', 0.047373065255700925), ('coronavirus', 0.04215454108958876), ('koreas', 0.032918643866321526), ('south koreas', 0.032918643866321526), ('article', 0.032918643866321526), ('view', 0.032918643866321526), ('view article', 0.032918643866321526), ('korea', 0.03208944770896133), ('ban', 0.02995521271790276)]",negative
2,1,12,1_health_people_messages_time,"[('health', 0.04716132491233673), ('people', 0.03319197312276632), ('messages', 0.028417016461962413), ('time', 0.023439827702425524), ('mental', 0.01675412317880539), ('month', 0.01675412317880539), ('please', 0.01675412317880539), ('poor', 0.01675412317880539), ('nearest health', 0.01675412317880539), ('vaccination', 0.01675412317880539)]",negative
