,Topic,Count,TopicLabel,WordScore,Sentiment
0,-1,39,-1_health_korea_holiday_best,"[('health', 0.03727329711897993), ('korea', 0.03047245124132019), ('holiday', 0.02318581807892218), ('best', 0.02318581807892218), ('travel', 0.02126776348159452), ('safe', 0.019302848186118732), ('happiness', 0.019302848186118732), ('covid19', 0.019302848186118732), ('hope', 0.0172851408240437), ('good', 0.0172851408240437)]",positive
