,Topic,Count,TopicLabel,WordScore,Sentiment
0,-1,17,-1_health_care_good_gift,"[('health', 0.06174425339202145), ('care', 0.057743111203817754), ('good', 0.03098174417185784), ('gift', 0.025861458395226203), ('health workers', 0.025861458395226203), ('workers', 0.025861458395226203), ('dont', 0.025861458395226203), ('dont care', 0.025861458395226203), ('package', 0.020437821329880545), ('well', 0.020437821329880545)]",neutral
