,Topic,Count,TopicLabel,WordScore,Sentiment
0,-1,39,-1_health_care_gifted_gift,"[('health', 0.0335312972886569), ('care', 0.0271350243807031), ('gifted', 0.024906932192316943), ('gift', 0.024906932192316943), ('covid19', 0.024906932192316943), ('people', 0.017851312291141164), ('package', 0.017851312291141164), ('dont', 0.017851312291141164), ('care package', 0.01534370830008606), ('complain', 0.01534370830008606)]",negative
