,Topic,Count,TopicLabel,WordScore,Sentiment
0,-1,38,-1_gift_health_covid19_work,"[('gift', 0.039572930287940594), ('health', 0.03237610266426924), ('covid19', 0.028591776904070013), ('work', 0.02664448398894246), ('people', 0.022622091462111946), ('care', 0.022622091462111946), ('workers', 0.020537707485430035), ('week', 0.020537707485430035), ('nurse', 0.018396433672820775), ('package', 0.018396433672820775)]",neutral
