,Topic,Count,TopicLabel,WordScore,Sentiment
0,-1,23,-1_support_health_safe_amp,"[('support', 0.051071885537865146), ('health', 0.04819864922165794), ('safe', 0.04226305092395821), ('amp', 0.03918928102117917), ('gibraltar', 0.025989639847754056), ('keeps', 0.0186397458320177), ('mental', 0.0186397458320177), ('supporting', 0.0186397458320177), ('treatment', 0.014679495645112766), ('awareness', 0.014679495645112766)]",positive
