,Topic,Count,TopicLabel,WordScore,Sentiment
0,0,349,0_covid19_migrant_workers_migrant workers,False,negative
1,1,37,1_bail_asharamji_sant_sant shri asharamji,"[('covid19', 0.026871130452271748), ('migrant', 0.02186430709509592), ('workers', 0.01955726298518332), ('migrant workers', 0.016574501526283276), ('covid', 0.01568218278009857), ('lockdown', 0.013561458943665297), ('amp', 0.012845424498757923), ('blood', 0.010662408816880959), ('health', 0.01049840365207663), ('donation', 0.0103047112414787)]",negative
2,2,26,2_bengal_migrant_migrant workers_workers,"[('bail', 0.08247518293809959), ('asharamji', 0.07056015468967171), ('sant', 0.07056015468967171), ('sant shri asharamji', 0.07056015468967171), ('sant shri', 0.07056015468967171), ('shri', 0.07056015468967171), ('shri asharamji', 0.07056015468967171), ('asharamji bapu', 0.0670530482227039), ('bapu', 0.0670530482227039), ('shri asharamji bapu', 0.0670530482227039)]",negative
3,3,14,3_gov_food_stranded_relief,"[('bengal', 0.11861713795635478), ('migrant', 0.0871293087306834), ('migrant workers', 0.08559596360482027), ('workers', 0.08255642885381026), ('mamata', 0.06853722277274198), ('low', 0.060166648402112985), ('handling', 0.05699998269673863), ('crisis another', 0.0553220044383721), ('bengal delayed', 0.0553220044383721), ('covid19 crisis another', 0.0553220044383721)]",negative
