,Topic,Count,TopicLabel,WordScore,Sentiment
0,-1,10,-1_benefits_benefits vitamind supplementation_nonskeletal health benefits_supplementation adults,"[('benefits', 0.07768198924682604), ('benefits vitamind supplementation', 0.05630443449853237), ('nonskeletal health benefits', 0.05630443449853237), ('supplementation adults', 0.05630443449853237), ('vitamind supplementation', 0.05630443449853237), ('vitamind supplementation adults', 0.05630443449853237), ('supplementation adults link', 0.05630443449853237), ('supplementation', 0.05630443449853237), ('vitamind', 0.05630443449853237), ('emerging', 0.05630443449853237)]",positive
1,0,160,0_migrant_workers_migrant workers_covid19,"[('migrant', 0.030960617856058935), ('workers', 0.03085829424164884), ('migrant workers', 0.026408625342927036), ('covid19', 0.026025379481685172), ('testing', 0.02145484445754706), ('migrants', 0.019045332458819942), ('lockdown', 0.017951163790682484), ('covid', 0.017666232745204086), ('safe', 0.014680820321849473), ('amp', 0.01392803951044138)]",positive
2,1,89,1_grant_may_good_health,"[('grant', 0.058548737421291935), ('may', 0.05796751810479851), ('good', 0.056080068519399826), ('health', 0.051470114399615796), ('good health', 0.047320937807039595), ('happy', 0.036660910753232384), ('god', 0.03268422214503407), ('allah', 0.030148290894229393), ('grant good', 0.029510936121311393), ('birthday', 0.028661503246518914)]",positive
3,2,60,2_donation_covid19_fight_help,"[('donation', 0.04229276245028176), ('covid19', 0.029142612233004205), ('fight', 0.02674955573549472), ('help', 0.026082087073476885), ('covid', 0.02141345367997817), ('hospital', 0.020274779883813463), ('plasma', 0.020257403726020067), ('pm', 0.01847425885315197), ('pmcares', 0.015105282490905036), ('patients', 0.014401332930219479)]",positive
4,3,26,3_blood_blood donation_donation_camp,"[('blood', 0.09755085606720687), ('blood donation', 0.07929212324181477), ('donation', 0.07197352209762159), ('camp', 0.06134461103977802), ('donation camp', 0.03595719684510647), ('health', 0.03376133741558957), ('blood donation camp', 0.03313778474813969), ('organized', 0.03313778474813969), ('camps', 0.031459906127851156), ('ranchi', 0.025381244011339205)]",positive
