,Topic,Count,TopicLabel,WordScore,Sentiment
0,-1,4,-1_locum doctors_nurses_yet_agency nurses locum,"[('locum doctors', 0.06334489345098768), ('nurses', 0.06334489345098768), ('yet', 0.06334489345098768), ('agency nurses locum', 0.06334489345098768), ('agency nurses', 0.06334489345098768), ('using logic nhs', 0.06334489345098768), ('using logic', 0.06334489345098768), ('using', 0.06334489345098768), ('agency', 0.06334489345098768), ('use agency nurses', 0.06334489345098768)]",neutral
1,0,17,0_donation_amp_daily_big,"[('donation', 0.05491234788665904), ('amp', 0.033889740128935), ('daily', 0.031921449179129195), ('big', 0.031921449179129195), ('covid', 0.02965352261281813), ('covid 19', 0.02817872966644303), ('19', 0.02817872966644303), ('please', 0.025202868562526244), ('small contribution', 0.02426989724824021), ('contribution', 0.02426989724824021)]",neutral
2,1,12,1_migrant_workers_became_may,"[('migrant', 0.04745473305131951), ('workers', 0.029928406417999914), ('became', 0.025029144479904807), ('may', 0.025029144479904807), ('migrant workers', 0.025029144479904807), ('visa', 0.025029144479904807), ('time', 0.023942725134399934), ('stranded', 0.01982393840380293), ('social', 0.01982393840380293), ('worker', 0.018771858359928603)]",neutral
