,Topic,Count,TopicLabel,WordScore,Sentiment
0,-1,31,-1_health_support_services_health services,"[('health', 0.060492390100067295), ('support', 0.03904750711561367), ('services', 0.028915973828325565), ('health services', 0.02456746555661107), ('us', 0.022312322312357937), ('mental', 0.017604269072205588), ('change', 0.017604269072205588), ('m7', 0.017604269072205588), ('mental health', 0.017604269072205588), ('need', 0.017604269072205588)]",neutral
