,Topic,Count,TopicLabel,WordScore,Sentiment
0,-1,43,-1_health_support_people_services,"[('health', 0.041113340425811835), ('support', 0.03307300533940244), ('people', 0.02662830125144831), ('services', 0.020674749477129304), ('hospital', 0.01823056121625766), ('covid19', 0.016766173349547338), ('health services', 0.016031630393694794), ('symptoms', 0.014440920369596454), ('staff', 0.012737245162016948), ('given', 0.012737245162016948)]",negative
1,0,17,0_amp_mental_mental health_health,"[('amp', 0.05595475525919375), ('mental', 0.03968247093171956), ('mental health', 0.03968247093171956), ('health', 0.03882219451972944), ('support', 0.025483620956255348), ('people', 0.023997434922819527), ('need', 0.021798712861572134), ('care', 0.02059678498591225), ('trying', 0.019524877248699786), ('services', 0.01896480779105094)]",negative
2,1,13,1_support_covid19_people_africa,"[('support', 0.0412075572909661), ('covid19', 0.0348165642322515), ('people', 0.029103272140440704), ('africa', 0.02677495873998127), ('covid19 pandemic', 0.023679106450550807), ('rising', 0.023679106450550807), ('zambia', 0.023679106450550807), ('vaccine', 0.022777713741508207), ('pandemic', 0.022777713741508207), ('need', 0.022030614062227158)]",negative
3,2,13,2_health_services_health services_say,"[('health', 0.05327267803540651), ('services', 0.050046020559717755), ('health services', 0.04889647270076911), ('say', 0.024324508582958308), ('access', 0.021582554302306496), ('money', 0.021582554302306496), ('people', 0.018997969313898792), ('government playing role', 0.01728707756129288), ('kuti people need', 0.01728707756129288), ('lately', 0.01728707756129288)]",negative
