,Topic,Count,TopicLabel,WordScore,Sentiment
0,-1,23,-1_amp_health_covid19_donation,"[('amp', 0.03307752335742037), ('health', 0.030389339864202735), ('covid19', 0.027628810857326633), ('donation', 0.02478674144950563), ('dementia', 0.021851285349075256), ('taiwan', 0.021851285349075256), ('migrant', 0.021851285349075256), ('people', 0.01880659861739087), ('priority', 0.015630388765079873), ('worker', 0.015630388765079873)]",positive
