,Topic,Count,TopicLabel,WordScore,Sentiment
0,-1,21,-1_migrant_covid19_workers_migrant workers,"[('migrant', 0.044413705658210165), ('covid19', 0.03534828493127263), ('workers', 0.03534828493127263), ('migrant workers', 0.028880539062587925), ('etc', 0.025485038730838416), ('worker', 0.025485038730838416), ('fundraising', 0.02195789479653778), ('migrant worker', 0.02195789479653778), ('us', 0.02195789479653778), ('cases', 0.02195789479653778)]",negative
