,Topic,Count,TopicLabel,WordScore,Sentiment
0,-1,12,-1_health_covid_people_travel,"[('health', 0.0305870178364958), ('covid', 0.026974734542778378), ('people', 0.023859817588220696), ('travel', 0.023314968239529464), ('europe', 0.02217578678403792), ('well', 0.02217578678403792), ('long', 0.01947126635301764), ('message', 0.016780306897154647), ('help', 0.0158408449557694), ('coming', 0.0158408449557694)]",neutral
1,0,16,0_covid19_italy_roma_roma italy,"[('covid19', 0.07642447480439854), ('italy', 0.053551411526716136), ('roma', 0.04733532564554151), ('roma italy', 0.04733532564554151), ('nurses', 0.04359735777465486), ('message', 0.04088195788637995), ('covid coronavirus', 0.03974364101047862), ('portrait mask', 0.03974364101047862), ('protection', 0.03974364101047862), ('coronavirus', 0.03974364101047862)]",neutral
2,1,14,1_travel_systems_focus_may,"[('travel', 0.03129114158463165), ('systems', 0.0251148993607863), ('focus', 0.01984149343834972), ('may', 0.01984149343834972), ('concern', 0.01984149343834972), ('think', 0.01984149343834972), ('know', 0.018836174520589725), ('long', 0.01742165936848947), ('sold time', 0.014173387592004203), ('sold time seo', 0.014173387592004203)]",neutral
