,Topic,Count,TopicLabel,WordScore,Sentiment
0,-1,18,-1_gift_health_patients_exercise,"[('gift', 0.0690071044914997), ('health', 0.05171641530656224), ('patients', 0.03200027711182901), ('exercise', 0.023030145023599746), ('amp', 0.023030145023599746), ('nurse', 0.023030145023599746), ('able', 0.023030145023599746), ('trauma', 0.023030145023599746), ('greatest', 0.023030145023599746), ('safe', 0.01817681824220876)]",positive
