,Topic,Count,TopicLabel,WordScore,Sentiment
0,-1,9,-1_mental health_mental_health_support,"[('mental health', 0.08065721214261053), ('mental', 0.08065721214261053), ('health', 0.06895241723786923), ('support', 0.04769426672896036), ('mental health support', 0.03676111470301048), ('health support', 0.035052844990076666), ('police', 0.035052844990076666), ('get', 0.033728730286383526), ('hai', 0.026113647370178367), ('bjp', 0.026113647370178367)]",neutral
1,0,42,0_health_support_oxygen_services,"[('health', 0.041134500455306186), ('support', 0.03540192994314584), ('oxygen', 0.023411100412147272), ('services', 0.021273843429453407), ('medical', 0.01900241978778379), ('health services', 0.016777020550123083), ('kumar', 0.015879334192488204), ('covid', 0.015501235417583676), ('service', 0.014249470424984036), ('british', 0.014249470424984036)]",neutral
2,1,18,1_support_people_dosnt_many,"[('support', 0.040163593034913986), ('people', 0.04006508392311396), ('dosnt', 0.03474350563920352), ('many', 0.03474350563920352), ('mandirbazar block', 0.03474350563920352), ('mandirbazar', 0.03474350563920352), ('block', 0.03396093142846759), ('daily', 0.027492716458599773), ('many people', 0.027492716458599773), ('public', 0.026723496629454488)]",neutral
