,Topic,Count,TopicLabel,WordScore,Sentiment
0,-1,19,-1_call_china_safety_phone,"[('call', 0.05395010893417207), ('china', 0.03491546493499349), ('safety', 0.03491546493499349), ('phone', 0.03491546493499349), ('kids', 0.03406115261636194), ('smart', 0.03406115261636194), ('call d35 via', 0.03077341181050082), ('call waterproof', 0.03077341181050082), ('sale china factory', 0.03077341181050082), ('ip67', 0.03077341181050082)]",positive
1,0,31,0_festival_safe_holiday_health,"[('festival', 0.02967255991379464), ('safe', 0.027580461296498746), ('holiday', 0.0267586252058065), ('health', 0.025771000140314488), ('good', 0.025615441248625567), ('healthy', 0.019460818331495634), ('may', 0.01920350571424642), ('boat', 0.01920350571424642), ('dragon', 0.01920350571424642), ('dragon boat', 0.01920350571424642)]",positive
2,1,27,1_quarantine_mask_covid19_insurance,"[('quarantine', 0.02727254500153729), ('mask', 0.02727254500153729), ('covid19', 0.02672130031376583), ('insurance', 0.024790372731307037), ('axa', 0.024790372731307037), ('travel', 0.023653887501477944), ('health', 0.01989340361708487), ('im', 0.01959780436352947), ('every', 0.01905911845323705), ('people', 0.01905911845323705)]",positive
