,Topic,Count,TopicLabel,WordScore,Sentiment
0,-1,20,-1_quarantine_covid19_travel_travelers,"[('quarantine', 0.030535111398351626), ('covid19', 0.026955121064989734), ('travel', 0.026955121064989734), ('travelers', 0.023234179012598905), ('people', 0.023234179012598905), ('business', 0.023234179012598905), ('restrictions', 0.023234179012598905), ('see', 0.023234179012598905), ('time', 0.023234179012598905), ('eases', 0.019343453592992586)]",neutral
