,Topic,Count,TopicLabel,WordScore,Sentiment
0,-1,111,-1_covid19_travel_health_covid,"[('covid19', 0.03218405489208136), ('travel', 0.028341091776720704), ('health', 0.021369431044839737), ('covid', 0.01891137383817788), ('quarantine', 0.015060922188112292), ('get', 0.013725276753878812), ('travellers', 0.013046035740940879), ('sales', 0.013046035740940879), ('people', 0.012358550508750909), ('hong', 0.011662268326135872)]",negative
