,Topic,Count,TopicLabel,WordScore,Sentiment
0,-1,11,-1_health_health services_services_support,"[('health', 0.06758124323585805), ('health services', 0.0365195934559388), ('services', 0.0365195934559388), ('support', 0.0365195934559388), ('new vaccines health', 0.0241790196526983), ('like', 0.0241790196526983), ('new', 0.0241790196526983), ('new vaccines', 0.0241790196526983), ('1015', 0.0241790196526983), ('world population', 0.0241790196526983)]",neutral
