,Topic,Count,TopicLabel,WordScore,Sentiment
0,-1,41,-1_health_support_service_health service,"[('health', 0.03388808897298905), ('support', 0.032581523231877456), ('service', 0.023755514494303902), ('health service', 0.022001756763829847), ('covid19', 0.021537644326882047), ('council', 0.018362213276964492), ('volta', 0.018362213276964492), ('amp', 0.01696552523820032), ('hospital', 0.016465648530880783), ('supporting', 0.0151171455872843)]",positive
1,0,30,0_support_healthy_safe_always,"[('support', 0.04019306301437737), ('healthy', 0.02511871224541164), ('safe', 0.024292076171121838), ('always', 0.02321143649849423), ('health', 0.022940536737133387), ('thank', 0.021944916689292854), ('amp', 0.017053202371214275), ('leadership', 0.01612793455918577), ('happy', 0.01612793455918577), ('safe healthy', 0.015624802188777676)]",positive
2,1,15,1_support_covid19_supports_provide,"[('support', 0.044745675329921734), ('covid19', 0.03615164463066717), ('supports', 0.034674276527860134), ('provide', 0.033237605363610916), ('health', 0.03250415561224901), ('patients', 0.03142076571077616), ('support patients', 0.02609692781451238), ('amp health', 0.02609692781451238), ('also', 0.025136612568620924), ('amp', 0.023730993591010156)]",positive
