,Topic,Count,TopicLabel,WordScore,Sentiment
0,-1,15,-1_health_bucharest_romania_message,"[('health', 0.040775082260390304), ('bucharest', 0.040775082260390304), ('romania', 0.040775082260390304), ('message', 0.03526775465429112), ('get', 0.02333156202625709), ('medics', 0.02333156202625709), ('travel', 0.02333156202625709), ('true', 0.02333156202625709), ('june', 0.016705501924780902), ('june 2022', 0.016705501924780902)]",negative
