,Topic,Count,TopicLabel,WordScore,Sentiment
0,-1,8,-1_health_go_hi_romania,"[('health', 0.05202618422886289), ('go', 0.039818904436679244), ('hi', 0.0330550802020707), ('romania', 0.02443392662289451), ('go track steps', 0.02372948518138206), ('steps earn health', 0.02372948518138206), ('health gamefi', 0.02372948518138206), ('redeem', 0.02372948518138206), ('come join use', 0.02372948518138206), ('points gobyhealthhero playtoearn', 0.02372948518138206)]",positive
1,0,15,0_bucharest_romania_bucharest romania_travel,"[('bucharest', 0.093576245413846), ('romania', 0.04897051680302807), ('bucharest romania', 0.04328816008350669), ('travel', 0.02845858091552796), ('day', 0.02208301576524891), ('holiday', 0.02088156848561345), ('spring', 0.01585289136067121), ('en', 0.01585289136067121), ('en bucharest', 0.01585289136067121), ('en bucharest romania', 0.01585289136067121)]",positive
2,1,10,1_health_amp_still_mental,"[('health', 0.0675278636113404), ('amp', 0.03003290144073852), ('still', 0.03003290144073852), ('mental', 0.02839893314043429), ('mental health', 0.02839893314043429), ('travel', 0.02322220202707081), ('goes bonus', 0.021559932250512844), ('real', 0.021559932250512844), ('find', 0.021559932250512844), ('ampalaya', 0.021559932250512844)]",positive
