,Topic,Count,TopicLabel,WordScore,Sentiment
0,-1,28,-1_health_amp_donation_help,"[('health', 0.032687545649875985), ('amp', 0.03027381202211113), ('donation', 0.022654812535121395), ('help', 0.01996103971081698), ('charity', 0.017169342662628352), ('live', 0.014259752527711257), ('care', 0.014259752527711257), ('granted', 0.014259752527711257), ('thanks', 0.014259752527711257), ('really', 0.014259752527711257)]",positive
