,Topic,Count,TopicLabel,WordScore,Sentiment
0,-1,22,-1_health_care_covid_news,"[('health', 0.03920498981192133), ('care', 0.02774146284054104), ('covid', 0.024547748051029966), ('news', 0.020337540752806346), ('sweet', 0.020337540752806346), ('mental', 0.019755504041174276), ('amp', 0.019419023988378734), ('mental health', 0.01694795062733862), ('donations', 0.016462920034311896), ('charity', 0.015342342531893729)]",negative
1,0,21,0_health_plan_immigrants_theres,"[('health', 0.032996054773834244), ('plan', 0.02677963137290266), ('immigrants', 0.02616198295867936), ('theres', 0.024248606282192182), ('amp', 0.023153451678451564), ('want', 0.020891700315603348), ('migrants', 0.020891700315603348), ('brexit', 0.020891700315603348), ('get', 0.020207171901826818), ('immigrant', 0.020207171901826818)]",negative
2,1,12,1_covid19_donation_made 500000 donation_send,"[('covid19', 0.034608663313370966), ('donation', 0.030780438464988936), ('made 500000 donation', 0.02561260994416674), ('send', 0.02561260994416674), ('send money', 0.02561260994416674), ('wey', 0.02561260994416674), ('laasi', 0.02561260994416674), ('500000', 0.02561260994416674), ('500000 donation', 0.02561260994416674), ('made', 0.02561260994416674)]",negative
