,Topic,Count,TopicLabel,WordScore,Sentiment
0,-1,50,-1_singapore_travel_health_looka,"[('singapore', 0.024669563115828793), ('travel', 0.024464905468162282), ('health', 0.01625728143162079), ('looka', 0.014877133163608313), ('mask', 0.014566681425281175), ('important', 0.01428605102582187), ('amp', 0.014030044540198424), ('sectsshopsale', 0.013532840320450913), ('could', 0.013532840320450913), ('sectsshop', 0.013532840320450913)]",neutral
1,0,28,0_singapore_covid19_travel_sees,"[('singapore', 0.05018295434628353), ('covid19', 0.02731742916495543), ('travel', 0.022809709399013476), ('sees', 0.02179815238926416), ('announcements', 0.02179815238926416), ('trains', 0.02179815238926416), ('day', 0.019373839821738313), ('covid19 travel', 0.01877405083500461), ('video', 0.01816512699105347), ('covid', 0.01614486651811526)]",neutral
2,1,23,1_travel_bali_covid19_testing,"[('travel', 0.0496123657387733), ('bali', 0.0237060869528759), ('covid19', 0.02160614648097529), ('testing', 0.019755072460729918), ('bit', 0.019195587554878178), ('singapore', 0.017464107350619106), ('fact', 0.016982711874800483), ('fun fact', 0.016982711874800483), ('low', 0.016982711874800483), ('low health', 0.016982711874800483)]",neutral
3,2,17,2_voucher_singapore_vouchers_hotel,"[('voucher', 0.06193963877511307), ('singapore', 0.03850529282963257), ('vouchers', 0.03273930970174488), ('hotel', 0.03167743198088973), ('thats', 0.03078029302659413), ('great', 0.02723192746239937), ('wisteria', 0.021430754395804007), ('staycation', 0.021430754395804007), ('winning', 0.021430754395804007), ('used', 0.021430754395804007)]",neutral
4,3,12,3_staff_bonuses_bonus_pay,"[('staff', 0.0649910317276889), ('bonuses', 0.05183724036109606), ('bonus', 0.0509209548073528), ('pay', 0.04873546395877404), ('people', 0.04377893527821174), ('maybe bonuses nurses', 0.04311721848213233), ('staff manned covid19', 0.04311721848213233), ('covid19 wards', 0.04311721848213233), ('staff manned', 0.04311721848213233), ('maybe bonuses', 0.04311721848213233)]",neutral
5,4,11,4_motivation_feel_bonus_health,"[('motivation', 0.04150835914737275), ('feel', 0.03574982093868694), ('bonus', 0.03511789986713986), ('health', 0.0339088655147599), ('get', 0.03361066479915451), ('hard many', 0.02973601274629816), ('started try get', 0.02973601274629816), ('health sugar', 0.02973601274629816), ('sugar ehhmmm started', 0.02973601274629816), ('health sugar ehhmmm', 0.02973601274629816)]",neutral
