,Topic,Count,TopicLabel,WordScore,Sentiment
0,-1,8,-1_health_mental health_mental_body,"[('health', 0.06204646046365217), ('mental health', 0.05338706250956936), ('mental', 0.05338706250956936), ('body', 0.036811210046851554), ('covid cant', 0.02773826179216658), ('protections covid', 0.02773826179216658), ('form', 0.02773826179216658), ('protections', 0.02773826179216658), ('response coroner virus', 0.02773826179216658), ('proud nigerias response', 0.02773826179216658)]",positive
1,0,16,0_health_safe_best_belgrade,"[('health', 0.040147709711774934), ('safe', 0.026676687363567056), ('best', 0.023097229833318626), ('belgrade', 0.023097229833318626), ('serbia', 0.023097229833318626), ('covid19', 0.022941871448139892), ('healthcare', 0.02213035643360637), ('want', 0.02213035643360637), ('messages', 0.020098658827131997), ('test', 0.018258982543791664)]",positive
2,1,15,1_happy_amp_health_good,"[('happy', 0.03875947492184249), ('amp', 0.03705089348500105), ('health', 0.032092996791544225), ('good', 0.03014625827254416), ('holiday', 0.026509437935786164), ('easter', 0.024324314183489754), ('good health', 0.024324314183489754), ('friends', 0.024324314183489754), ('covid19', 0.02420762987286485), ('miners', 0.02030963312929741)]",positive
