,Topic,Count,TopicLabel,WordScore,Sentiment
0,-1,29,-1_covid19_health_travel_one,"[('covid19', 0.04716738859476751), ('health', 0.025955322974106264), ('travel', 0.023578949660893116), ('one', 0.02113534024994781), ('amp', 0.02113534024994781), ('way', 0.02113534024994781), ('cases', 0.018614744405512165), ('guy', 0.018614744405512165), ('even', 0.018614744405512165), ('lockdown', 0.018614744405512165)]",negative
