,Topic,Count,TopicLabel,WordScore,Sentiment
0,-1,26,-1_support_due_workers_amp,"[('support', 0.035916619060845346), ('due', 0.02331148378852015), ('workers', 0.023289140888173413), ('amp', 0.021641916118066935), ('covid19', 0.020701458567265255), ('french', 0.01886757029141134), ('tourism', 0.01886757029141134), ('due covid19', 0.01834108757159027), ('even', 0.01834108757159027), ('health', 0.017179509767548153)]",negative
1,0,22,0_support_care_government_frontline,"[('support', 0.03183766735229788), ('care', 0.02749283449074672), ('government', 0.023157459957669078), ('frontline', 0.022511271693130795), ('lives', 0.022511271693130795), ('frontline workers', 0.022511271693130795), ('covid19', 0.022232276950791975), ('workers', 0.01905623738639312), ('health', 0.018449889305622108), ('services', 0.016880099729688708)]",negative
2,1,21,1_health_mental health_mental_support,"[('health', 0.061978058134161955), ('mental health', 0.04763196458377507), ('mental', 0.04763196458377507), ('support', 0.043191808812856516), ('services', 0.027785312673868787), ('health services', 0.024711842605419684), ('million', 0.023438683439393072), ('need', 0.019485143634741603), ('mental health services', 0.019485143634741603), ('many', 0.01682004337711293)]",negative
