,Topic,Count,TopicLabel,WordScore,Sentiment
0,-1,15,-1_health_mental_mental health_access,"[('health', 0.07977619787484667), ('mental', 0.04685147238874559), ('mental health', 0.04685147238874559), ('access', 0.03928442642155251), ('support', 0.0353194779213536), ('services', 0.031210462203091295), ('ways persons', 0.031210462203091295), ('ways', 0.031210462203091295), ('real ways persons', 0.031210462203091295), ('real ways', 0.031210462203091295)]",neutral
