,Topic,Count,TopicLabel,WordScore,Sentiment
0,-1,22,-1_migrant_worker_migrant worker_covid19,"[('migrant', 0.06315841887280614), ('worker', 0.04519742557463618), ('migrant worker', 0.04519742557463618), ('covid19', 0.03374953445222613), ('workers', 0.03070094175187057), ('amp', 0.03070094175187057), ('migrant workers', 0.027559582905868314), ('illegal', 0.027559582905868314), ('cases', 0.027559582905868314), ('state quarantine', 0.024311961411476964)]",neutral
