,Topic,Count,TopicLabel,WordScore,Sentiment
0,-1,74,-1_amp_health_charity_grant,"[('amp', 0.03813396127782642), ('health', 0.03564784801403134), ('charity', 0.02415387647474782), ('grant', 0.015223136478617725), ('mental', 0.013072142219926869), ('need', 0.013072142219926869), ('support', 0.013072142219926869), ('covid', 0.013072142219926869), ('mental health', 0.013072142219926869), ('workers', 0.01196584894469459)]",neutral
