,Topic,Count,TopicLabel,WordScore,Sentiment
0,-1,21,-1_health_support_mental_mental health,"[('health', 0.05100723147422886), ('support', 0.045600828420699416), ('mental', 0.03996492121330618), ('mental health', 0.03996492121330618), ('enhance', 0.01758217689508201), ('employee', 0.01758217689508201), ('awareness', 0.01758217689508201), ('im', 0.01758217689508201), ('employees', 0.01758217689508201), ('amp', 0.01758217689508201)]",positive
