Unnamed: 0,Topic,Count,TopicLabel,WordScore,Sentiment,TopicWords
0,-1,9,-1_people_dont_mask_masks,"[('people', 0.037135470316733955), ('dont', 0.036899338298943235), ('mask', 0.03304555066109488), ('masks', 0.02579007739025213), ('see', 0.02579007739025213), ('like', 0.02326922456841666), ('health', 0.023203906817291373), ('watch', 0.019279273730129626), ('groudon', 0.019279273730129626), ('dont like', 0.019279273730129626)]",negative,"['people', 'dont', 'mask', 'masks', 'see', 'like', 'health', 'watch', 'groudon', 'dont like ']"
1,0,25,0_covid_people_lockdown_czech,"[('covid', 0.03163744807920626), ('people', 0.02514380802695528), ('lockdown', 0.018906244961838535), ('czech', 0.018418388284366462), ('new', 0.016780943695087244), ('increasing', 0.016780943695087244), ('almost', 0.016780943695087244), ('night', 0.016780943695087244), ('get', 0.015755204134865444), ('health', 0.01413988071678693)]",negative,"['covid', 'people', 'lockdown', 'czech', 'new', 'increasing', 'almost', 'night', 'get', 'health ']"
2,1,21,1_health_mental_mental health_help,"[('health', 0.048150830109121065), ('mental', 0.03445670604535122), ('mental health', 0.03445670604535122), ('help', 0.02997386371884781), ('care', 0.0216322397473553), ('pay', 0.020719148029459775), ('one', 0.019600162806524563), ('calling', 0.0178391458630539), ('government', 0.016095457369702915), ('cant', 0.014052704237756897)]",negative,"['health', 'mental', 'mental health', 'help', 'care', 'pay', 'one', 'calling', 'government', 'cant ']"
