Unnamed: 0,Topic,Count,TopicLabel,WordScore,Sentiment,TopicWords
0,-1,24,-1_health_reduce_appreciate_help,"[('health', 0.032330999630737156), ('reduce', 0.023825119446276313), ('appreciate', 0.017589821086009552), ('help', 0.017589821086009552), ('effective', 0.017098647065563837), ('mental', 0.017098647065563837), ('mental health', 0.017098647065563837), ('much', 0.016429598458853098), ('thank', 0.01381252119310568), ('easter', 0.013471455262909363)]",positive,"['health', 'reduce', 'appreciate', 'help', 'effective', 'mental', 'mental health', 'much', 'thank', 'easter ']"
1,0,24,0_thank_health_czech_care,"[('thank', 0.028394185097660403), ('health', 0.02718913636948935), ('czech', 0.027021638019383672), ('care', 0.024488463839212084), ('covid19', 0.02261878787413138), ('innovation', 0.017574711485022692), ('great', 0.01688703507487685), ('people', 0.015851396688022455), ('amp', 0.015440936011076385), ('help', 0.014463648707382334)]",positive,"['thank', 'health', 'czech', 'care', 'covid', 'innovation', 'great', 'people', 'amp', 'help ']"
2,1,15,1_sindro_world_still_market,"[('sindro', 0.025676951356084003), ('world', 0.023852040485198664), ('still', 0.020230015869385925), ('market', 0.020230015869385925), ('owners', 0.020230015869385925), ('successful', 0.020230015869385925), ('balance', 0.020230015869385925), ('customer', 0.020230015869385925), ('work', 0.020230015869385925), ('helped', 0.018504183348996412)]",positive,"['sindro', 'world', 'still', 'market', 'owners', 'successful', 'balance', 'customer', 'work', 'helped ']"
