,Topic,Count,TopicLabel,WordScore,Sentiment
0,-1,22,-1_health_support_covid19_amp,"[('health', 0.04833054436063966), ('support', 0.03996492121330618), ('covid19', 0.03405652828211608), ('amp', 0.027813152421922928), ('first', 0.024537103188717057), ('nicaragua', 0.024537103188717057), ('services', 0.02113534024994781), ('thank', 0.02113534024994781), ('president', 0.02113534024994781), ('ur', 0.02113534024994781)]",positive
