,Topic,Count,TopicLabel,WordScore,Sentiment
0,-1,24,-1_support_health_health services_covid19,"[('support', 0.03088126243312323), ('health', 0.02807840083929047), ('health services', 0.025192375657379584), ('covid19', 0.025192375657379584), ('services', 0.025192375657379584), ('limited', 0.019118417994970903), ('trump', 0.019118417994970903), ('due', 0.019118417994970903), ('people', 0.015891581823487315), ('swedish', 0.015891581823487315)]",negative
