,Topic,Count,TopicLabel,WordScore,Sentiment
0,-1,13,-1_get_covid_charity_enough,"[('get', 0.032312006241531153), ('covid', 0.032312006241531153), ('charity', 0.02698305944979572), ('enough', 0.02698305944979572), ('countries', 0.02698305944979572), ('want', 0.02698305944979572), ('back', 0.02698305944979572), ('health', 0.02698305944979572), ('need', 0.02698305944979572), ('donate', 0.021334653271115313)]",negative
