,Topic,Count,TopicLabel,WordScore,Sentiment
0,-1,12,-1_peru_health_faces_travel,"[('peru', 0.04296817827358729), ('health', 0.03718285877856094), ('faces', 0.031095643706129654), ('travel', 0.02462843628471398), ('bonus', 0.02462843628471398), ('covid19', 0.02462843628471398), ('pictures', 0.017648634258577052), ('say', 0.017648634258577052), ('physical mental health', 0.017648634258577052), ('coherence harmony message', 0.017648634258577052)]",positive
