,Topic,Count,TopicLabel,WordScore,Sentiment
0,-1,38,-1_health_amp_covid19_migrants,"[('health', 0.03678910744573598), ('amp', 0.030071903913192647), ('covid19', 0.022876726511426894), ('migrants', 0.020983090059568478), ('money', 0.017051670432289733), ('vaccine', 0.017051670432289733), ('illegal', 0.015000535085127446), ('covid', 0.015000535085127446), ('us', 0.012879889633303773), ('migrant', 0.012879889633303773)]",negative
