,Topic,Count,TopicLabel,WordScore,Sentiment
0,-1,33,-1_health_amp_covid19_much,"[('health', 0.053911504092336145), ('amp', 0.031147719321488528), ('covid19', 0.028841670092960656), ('much', 0.021567500735680478), ('migrants', 0.021567500735680478), ('us', 0.018997570769275343), ('world', 0.018997570769275343), ('interview', 0.018997570769275343), ('help', 0.018997570769275343), ('working', 0.018997570769275343)]",positive
