,Topic,Count,TopicLabel,WordScore,Sentiment
0,-1,37,-1_covid19_health_workers_gift,"[('covid19', 0.031095643706129654), ('health', 0.027916011482700974), ('workers', 0.02462843628471398), ('gift', 0.02293868367608618), ('covid', 0.021214578539890463), ('india', 0.019452645921291326), ('get', 0.019452645921291326), ('bangladesh', 0.017648634258577052), ('daily', 0.017648634258577052), ('quarantine', 0.015797221530989742)]",negative
