,Topic,Count,TopicLabel,WordScore,Sentiment
0,-1,24,-1_health_mental_travel_mental health,"[('health', 0.031758777281152895), ('mental', 0.02285332055621106), ('travel', 0.019675092667057057), ('mental health', 0.019675092667057057), ('need', 0.019675092667057057), ('sales', 0.016357994328702448), ('already', 0.016357994328702448), ('unfortunately', 0.016357994328702448), ('given', 0.016357994328702448), ('stuck', 0.016357994328702448)]",neutral
