,Topic,Count,TopicLabel,WordScore,Sentiment
0,-1,13,-1_minister_health_people_transmission,"[('minister', 0.05285731246954834), ('health', 0.052375149847116935), ('people', 0.03350611494647756), ('transmission', 0.031237303770991667), ('covid19', 0.030113626302685235), ('pusi', 0.029217301697901855), ('traveled', 0.028449905051213007), ('pakistan', 0.028449905051213007), ('chilufya', 0.027199687249269962), ('cases', 0.02620236740155049)]",negative
1,0,63,0_health_zambia_covid19_people,"[('health', 0.03366973918743232), ('zambia', 0.022911193931006848), ('covid19', 0.021509733073346596), ('people', 0.020342998360361374), ('message', 0.019818544102440896), ('travel', 0.014345083256094442), ('mobile', 0.013114134923755159), ('260', 0.013114134923755159), ('two', 0.013114134923755159), ('couple', 0.013114134923755159)]",negative
2,1,28,1_workers_allowances_health_risk,"[('workers', 0.04786378447534714), ('allowances', 0.03833619146454631), ('health', 0.035001590865144844), ('risk', 0.03243831585461611), ('allowance', 0.030391584509073224), ('covid19', 0.02841108912656169), ('health workers', 0.022021784263803083), ('much', 0.020674080088356347), ('covid19 allowances', 0.017763858923554646), ('buy', 0.01722840007363029)]",negative
