,Topic,Count,TopicLabel,WordScore,Sentiment
0,-1,27,-1_health_workers_covid19_message,"[('health', 0.0356689549731487), ('workers', 0.02327851934747015), ('covid19', 0.022293907196519653), ('message', 0.01779567600798133), ('new', 0.01779567600798133), ('take', 0.01687532459763956), ('others', 0.01687532459763956), ('also', 0.01633663506832664), ('ministry', 0.015881487712932144), ('measures', 0.015487487545842516)]",positive
1,0,43,0_health_amp_zambia_laboratory,"[('health', 0.031362964977328954), ('amp', 0.021871492023007345), ('zambia', 0.019509018550845178), ('laboratory', 0.018211433459183496), ('join', 0.0165592732475881), ('day', 0.01416444824603161), ('plant', 0.01310038845431568), ('world', 0.012947926643472555), ('holidays', 0.012735404653509436), ('bonus', 0.011276970777495164)]",positive
2,1,15,1_health_center_well_vaccine,"[('health', 0.04291729390524797), ('center', 0.03734720911891352), ('well', 0.034612012517905806), ('vaccine', 0.031122674265761263), ('messages', 0.02825189241945059), ('health minister', 0.026724642267077554), ('minister', 0.02571913877660592), ('time', 0.023603981019019647), ('covid19', 0.02359543473529952), ('medicines', 0.021016382416406906)]",positive
3,2,12,2_travel_tourism_country_etc,"[('travel', 0.04495279893457207), ('tourism', 0.04095697654304642), ('country', 0.03717907032150747), ('etc', 0.03717907032150747), ('health', 0.03529907537745767), ('first', 0.034130813785872016), ('covid ebola etc', 0.029307693192519996), ('uv light', 0.029307693192519996), ('destroy 999', 0.029307693192519996), ('ebola', 0.029307693192519996)]",positive
