,Topic,Count,TopicLabel,WordScore,Sentiment
0,-1,25,-1_health_support_supporting_amp,"[('health', 0.05224471609021205), ('support', 0.03542184463250107), ('supporting', 0.030149734054661873), ('amp', 0.02458920307497066), ('like', 0.021676078456621953), ('childs', 0.021676078456621953), ('thank', 0.018654781650019582), ('situations', 0.018654781650019582), ('covid19', 0.018654781650019582), ('mental health', 0.018654781650019582)]",positive
