,Topic,Count,TopicLabel,WordScore,Sentiment
0,-1,10,-1_health_covid_get_need,"[('health', 0.029682678011054682), ('covid', 0.029682678011054682), ('get', 0.029682678011054682), ('need', 0.02349585540330043), ('back', 0.02349585540330043), ('high', 0.02349585540330043), ('want', 0.02349585540330043), ('tapachula', 0.02349585540330043), ('charity', 0.02349585540330043), ('100', 0.01682491931667364)]",negative
