,Topic,Count,TopicLabel,WordScore,Sentiment
0,-1,12,-1_health_covid19_support_belize,"[('health', 0.05061513154476749), ('covid19', 0.034910283083871625), ('support', 0.029175742231078012), ('belize', 0.029175742231078012), ('office', 0.029175742231078012), ('services', 0.029175742231078012), ('health services', 0.029175742231078012), ('trump', 0.023089749677938712), ('clear', 0.023089749677938712), ('care', 0.023089749677938712)]",negative
