,Topic,Count,TopicLabel,WordScore,Sentiment
0,-1,53,-1_health_sa_covid19_pay,"[('health', 0.023064643706223593), ('sa', 0.021465166789521133), ('covid19', 0.018990699885840148), ('pay', 0.01751695833846328), ('care', 0.017040783274091763), ('grant', 0.01556211634444223), ('special', 0.014685830450229548), ('new', 0.013799035793263588), ('allowance', 0.013577432290720068), ('increase', 0.013577432290720068)]",neutral
1,0,57,0_migrant_migrants_health_premiers,"[('migrant', 0.027192019362565573), ('migrants', 0.022959073498694825), ('health', 0.02053247532219033), ('premiers', 0.019160025385060248), ('also', 0.016701169215372926), ('labor', 0.015137461353001232), ('amp', 0.01498794075479471), ('care', 0.014586489144574563), ('workers', 0.01404315140266397), ('think', 0.013775444099216896)]",neutral
2,1,48,1_charity_health_got_amp,"[('charity', 0.03846520463510514), ('health', 0.03393797573915757), ('got', 0.021985641882554557), ('amp', 0.019681134324477902), ('dont', 0.017347380773566554), ('mental health', 0.015482848796008282), ('mental', 0.01504021890694338), ('fundraising', 0.014903667647520947), ('ok', 0.012486388624501493), ('need', 0.010862441198772835)]",neutral
3,2,30,2_covid_granted_covid19_health,"[('covid', 0.03491778535606336), ('granted', 0.029228215111655124), ('covid19', 0.02697989087229704), ('health', 0.026214160570935504), ('nsw', 0.024851822199282343), ('risk', 0.021227516300397504), ('ship', 0.018983110868124556), ('60', 0.01850110466588807), ('key', 0.018083735249278022), ('concerns', 0.016294522125665328)]",neutral
4,3,23,3_health_grants_didnt_covid,"[('health', 0.05464014094004369), ('grants', 0.038960851997785165), ('didnt', 0.027525510758780607), ('covid', 0.02362770142426954), ('powers', 0.023627057082214728), ('state', 0.023627057082214728), ('state emergency', 0.019576653376276655), ('cause', 0.018901645665771783), ('grant', 0.01821474981224488), ('public health', 0.017884401177025135)]",neutral
