,Topic,Count,TopicLabel,WordScore,Sentiment
0,-1,38,-1_travel_health_singapore_covid19,"[('travel', 0.04491968184932237), ('health', 0.031882123714682443), ('singapore', 0.02989088463412704), ('covid19', 0.02578520811449912), ('voucher', 0.021486839149678597), ('bonus', 0.016946199347993404), ('see', 0.016946199347993404), ('malaysia', 0.016946199347993404), ('testing', 0.016946199347993404), ('thats', 0.014561059227610381)]",neutral
