,Topic,Count,TopicLabel,WordScore,Sentiment
0,0,183,0_singapore_safe_travel_health,False,positive
1,1,92,1_supplements_vitamins_vitamins supplements_21st century,"[('singapore', 0.03550572299265198), ('safe', 0.020483793000783408), ('travel', 0.01861893570215868), ('health', 0.01858414999656021), ('covid19', 0.013818552926357856), ('take', 0.011187626008935785), ('amp', 0.011095716674786005), ('day', 0.010738323595520006), ('happy', 0.010525929884501524), ('holiday', 0.010525929884501524)]",positive
2,2,43,2_prizes_get_amazing prizes_amazing,"[('supplements', 0.07481822793356471), ('vitamins', 0.06480406851626672), ('vitamins supplements', 0.056907696937332025), ('21st century', 0.05153084389912058), ('21st', 0.05153084389912058), ('century', 0.05153084389912058), ('21stcenturysg', 0.05103036470304522), ('enjoy', 0.045923477515739254), ('vouchers', 0.04504556079626677), ('50', 0.040385788535794644)]",positive
3,3,34,3_local_sale local_skincare give try_local skincare give,"[('prizes', 0.1332873984623762), ('get', 0.07969349206326871), ('amazing prizes', 0.07820258932527455), ('amazing', 0.07658958852086302), ('coins', 0.0758628324756108), ('grab', 0.0758628324756108), ('daily', 0.07350138097387739), ('daily join', 0.07350138097387739), ('attractive prizes', 0.07350138097387739), ('get coins vouchers', 0.07350138097387739)]",positive
4,4,13,4_free_local_free gift_alluskin free gift,"[('local', 0.1119730020605577), ('sale local', 0.06912532113454309), ('skincare give try', 0.06912532113454309), ('local skincare give', 0.06912532113454309), ('sale local skincare', 0.06912532113454309), ('skincare give', 0.06912532113454309), ('merdeka sale local', 0.06912532113454309), ('ada', 0.06774235069672412), ('cashback 10', 0.06637511016365594), ('amp cashback 10', 0.06637511016365594)]",positive
