,Topic,Count,TopicLabel,WordScore,Sentiment
0,-1,6,-1_shotoniphone_mask_mask travel street_streetphotography people,"[('shotoniphone', 0.12649156893440935), ('mask', 0.07408036864618724), ('mask travel street', 0.061632725716819804), ('streetphotography people', 0.061632725716819804), ('surgery personalprotectiveequipment', 0.061632725716819804), ('street streetphotography', 0.061632725716819804), ('peoplephotography shotoniphone', 0.061632725716819804), ('shotoniphone singapore covid', 0.061632725716819804), ('shotoniphone singapore', 0.061632725716819804), ('covid streetlife', 0.061632725716819804)]",negative
1,0,98,0_travel_singapore_covid19_covid,"[('travel', 0.03247015480772837), ('singapore', 0.029736327337090307), ('covid19', 0.026187845595674275), ('covid', 0.01655930615808737), ('health', 0.013777812068149917), ('vaccinated', 0.012846059539651223), ('travellers', 0.012088892751526423), ('quarantine', 0.011318952683861745), ('days', 0.01115897792448593), ('people', 0.009967007635498706)]",negative
2,1,62,1_singapore_voucher_vouchers_sale,"[('singapore', 0.04308901877831392), ('voucher', 0.03233518117975195), ('vouchers', 0.028934539902341114), ('sale', 0.02477748314001967), ('health', 0.020495009368358165), ('shop', 0.01904048352807558), ('happening', 0.01904048352807558), ('21st century', 0.017827797513128216), ('21st', 0.017827797513128216), ('happening till', 0.017827797513128216)]",negative
