,Topic,Count,TopicLabel,WordScore,Sentiment
0,-1,49,-1_amp_support_health_healthcare,"[('amp', 0.03801829316736613), ('support', 0.03189827751561634), ('health', 0.029708629520172336), ('healthcare', 0.021821217695633735), ('technologies', 0.016478009715849364), ('hospital', 0.016188794477173418), ('care', 0.015451496020126387), ('new', 0.014899809005466886), ('supported', 0.014390039535265258), ('digital', 0.014157547110377266)]",positive
1,0,63,0_covid19_support_health_amp,"[('covid19', 0.048099881876985794), ('support', 0.04399969728392635), ('health', 0.038784565361553044), ('amp', 0.019874769070480428), ('pandemic', 0.019414493887969987), ('coronavirus', 0.017139437586169568), ('crisis', 0.016882556032629805), ('workers', 0.016882556032629805), ('recovery', 0.015837180021646944), ('help', 0.011947380854135378)]",positive
2,1,59,1_health_support_mental health_mental,"[('health', 0.05193649747712566), ('support', 0.03438806554944685), ('mental health', 0.027754969241385492), ('mental', 0.027754969241385492), ('amp', 0.02492378080539039), ('people', 0.019246931144120082), ('services', 0.015415237361654023), ('needs', 0.012803015657329274), ('education', 0.012803015657329274), ('supporting', 0.012741870960426675)]",positive
