,Topic,Count,TopicLabel,WordScore,Sentiment
0,-1,73,-1_health_support_covid19_workers,"[('health', 0.04769996974598286), ('support', 0.039208756779912826), ('covid19', 0.028323581434001308), ('workers', 0.022876726511426894), ('people', 0.01904334965660417), ('services', 0.01603409020350887), ('dont', 0.01394966364928374), ('care', 0.012879889633303773), ('service', 0.011789308055685743), ('health service', 0.011789308055685743)]",negative
