,Topic,Count,TopicLabel,WordScore,Sentiment
0,-1,30,-1_health_support_people_covid19,"[('health', 0.06038017949453288), ('support', 0.03399464131812323), ('people', 0.025256778120968326), ('covid19', 0.025256778120968326), ('service', 0.025256778120968326), ('health service', 0.022941362446165837), ('number', 0.022941362446165837), ('workers', 0.020560908814608318), ('person', 0.020560908814608318), ('one', 0.018105988300840155)]",neutral
