,Topic,Count,TopicLabel,WordScore,Sentiment
0,-1,24,-1_support_nurses_health_staying home,"[('support', 0.05525327996889406), ('nurses', 0.047479299783857704), ('health', 0.04257451971484229), ('staying home', 0.041522183038032436), ('staying', 0.041522183038032436), ('home', 0.041047751676550205), ('campaign', 0.03964551675399214), ('booster', 0.03964551675399214), ('june', 0.03964551675399214), ('nurses appreciation', 0.03134326234443068)]",positive
1,0,36,0_health_covid19_support_services,"[('health', 0.04163881598484575), ('covid19', 0.033000282081462995), ('support', 0.02802018186456736), ('services', 0.022167416549021886), ('due', 0.01966010176284182), ('health services', 0.018272768928958093), ('due covid19', 0.018033738852380223), ('need', 0.017048478461920417), ('services due covid19', 0.01589487378150616), ('dramatic pushback health', 0.01589487378150616)]",positive
2,1,31,1_support_health_workers_health workers,"[('support', 0.0541189798298501), ('health', 0.047428594207500493), ('workers', 0.035408174964238356), ('health workers', 0.03173968330532585), ('home', 0.02783428494638452), ('staying', 0.025340395134067793), ('staying home', 0.025340395134067793), ('thank', 0.02300231906252493), ('need', 0.02279625120051073), ('proud', 0.021253716942128232)]",positive
