,Topic,Count,TopicLabel,WordScore,Sentiment
0,-1,46,-1_health_services_health services_health service,"[('health', 0.06396646021461773), ('services', 0.026340854223418454), ('health services', 0.026340854223418454), ('health service', 0.026340854223418454), ('service', 0.026340854223418454), ('support', 0.02323014055844358), ('people', 0.02163196621394786), ('healthcare', 0.01663179240079933), ('covid19', 0.01663179240079933), ('10', 0.014883050970979026)]",negative
