,Topic,Count,TopicLabel,WordScore,Sentiment
0,-1,31,-1_support_get_need_party,"[('support', 0.033868265126309006), ('get', 0.021115489719955003), ('need', 0.020474666838247328), ('party', 0.01913995932134578), ('chart', 0.01800276453944578), ('health', 0.01771614686322321), ('supporters', 0.01673479228269251), ('singapore', 0.015836617289966253), ('worker party', 0.014600389231530174), ('worker', 0.014600389231530174)]",neutral
1,0,38,0_health_mental_mental health_support,"[('health', 0.052378498342027444), ('mental', 0.03525354216945993), ('mental health', 0.0337011660907039), ('support', 0.032128197893460664), ('services', 0.021282542644954643), ('health services', 0.02024062534950974), ('also', 0.01915428838045918), ('children', 0.014516153179274635), ('give', 0.01248030133690232), ('think', 0.01248030133690232)]",neutral
2,1,19,1_protest_amp_safe_take care,"[('protest', 0.03442196536918085), ('amp', 0.027889208726682272), ('safe', 0.024314864900042067), ('take care', 0.02264565760589842), ('take', 0.020636685998133484), ('care', 0.02026238741670172), ('lawan', 0.019394208104788212), ('stay safe', 0.019394208104788212), ('stay', 0.017631180929828856), ('government', 0.01650934879850679)]",neutral
