,Topic,Count,TopicLabel,WordScore,Sentiment
0,-1,16,-1_health_migrants_first_libya,"[('health', 0.029912285166045), ('migrants', 0.024584374414786687), ('first', 0.020450658139208707), ('libya', 0.019623421064645156), ('people', 0.017449582471737907), ('ones', 0.01613869364028675), ('including', 0.01613869364028675), ('de', 0.01613869364028675), ('emergency medical', 0.01613869364028675), ('emergency', 0.01613869364028675)]",negative
1,0,16,0_health_migrants_immigration_migrant,"[('health', 0.028329624575248968), ('migrants', 0.02619406559670724), ('immigration', 0.026135359900085437), ('migrant', 0.02447655720798954), ('covid19', 0.023819294454180052), ('detention', 0.020908287920068352), ('healthcare', 0.01859211465738741), ('overcrowded', 0.017195393819115046), ('virus', 0.017195393819115046), ('refugees', 0.01634226699517124)]",negative
2,1,13,1_health_one_donations_healthcare,"[('health', 0.04811870056531259), ('one', 0.030235747139281198), ('donations', 0.026916675050870285), ('healthcare', 0.022966729870890334), ('another', 0.021241368835377413), ('charity', 0.020187506288152714), ('mental', 0.01937091380829862), ('mental health', 0.01937091380829862), ('need', 0.018704398291295526), ('looking', 0.015152168889011353)]",negative
