,Topic,Count,TopicLabel,WordScore,Sentiment
0,-1,24,-1_amp_health_grant_covid19,"[('amp', 0.03239386683070253), ('health', 0.02350382869768502), ('grant', 0.023133610584479127), ('covid19', 0.01957660722001556), ('grants', 0.017168244423546378), ('im', 0.0161250770485166), ('care', 0.01571160472560513), ('red', 0.01428870100161432), ('nurse', 0.01428870100161432), ('red cross', 0.01428870100161432)]",positive
1,0,20,0_health_donations_help_one,"[('health', 0.04100396202150484), ('donations', 0.036546558818255415), ('help', 0.02620594113858358), ('one', 0.024137196485581915), ('amp', 0.021735851280634426), ('safe', 0.01996741470999416), ('many', 0.01996741470999416), ('make', 0.018754165697731265), ('coronavirus', 0.018754165697731265), ('eu', 0.017128216734465004)]",positive
2,1,15,1_migrant_migrants_health_eu,"[('migrant', 0.03493934899197438), ('migrants', 0.03419782389715871), ('health', 0.02675435819842869), ('eu', 0.02394826655882645), ('poetry', 0.023235425640922985), ('covid19', 0.0227387860675387), ('workers', 0.021598755760958405), ('refugees', 0.018298522675969507), ('collection', 0.018298522675969507), ('migrant worker', 0.018298522675969507)]",positive
