,Topic,Count,TopicLabel,WordScore,Sentiment
0,-1,16,-1_cancer_amp_covid_health,"[('cancer', 0.03003147076659717), ('amp', 0.03003147076659717), ('covid', 0.02590744481357762), ('health', 0.02590744481357762), ('grant', 0.02158961363653935), ('apply', 0.02158961363653935), ('nurses', 0.02158961363653935), ('nursing', 0.02158961363653935), ('fund', 0.02158961363653935), ('eons15', 0.02158961363653935)]",neutral
