,Topic,Count,TopicLabel,WordScore,Sentiment
0,-1,29,-1_health_support_amp_care,"[('health', 0.06071597257518381), ('support', 0.03949554200092809), ('amp', 0.021334653271115313), ('care', 0.01879129648148325), ('people', 0.01879129648148325), ('global', 0.01615688459989046), ('love', 0.013412858639418981), ('stay', 0.013412858639418981), ('new', 0.013412858639418981), ('rt', 0.013412858639418981)]",positive
