,Topic,Count,TopicLabel,WordScore,Sentiment
0,-1,33,-1_health_amp_services_health services,"[('health', 0.052832282968801436), ('amp', 0.043014697144058034), ('services', 0.03237610266426924), ('health services', 0.030501336380659952), ('treatment', 0.028591776904070013), ('due', 0.02664448398894246), ('destroyed', 0.022622091462111946), ('support', 0.022622091462111946), ('victims', 0.020537707485430035), ('service', 0.018396433672820775)]",negative
