,Topic,Count,TopicLabel,WordScore,Sentiment
0,-1,50,-1_health_support_care_people,"[('health', 0.05363450462856739), ('support', 0.03586087509547195), ('care', 0.02319271338096894), ('people', 0.021826842600878384), ('service', 0.01758217689508201), ('services', 0.01611048199250562), ('need', 0.01611048199250562), ('amp', 0.01460523033809393), ('dont', 0.01460523033809393), ('health service', 0.01460523033809393)]",neutral
