,Topic,Count,TopicLabel,WordScore,Sentiment
0,-1,33,-1_support_health_people_show,"[('support', 0.03536044864652161), ('health', 0.030743799664452728), ('people', 0.02888797643304957), ('show', 0.01714594922833006), ('afghanistan', 0.01714594922833006), ('care', 0.014938913438006511), ('vaccine', 0.014722631170135536), ('covid19', 0.012563104627141743), ('people wounded', 0.012203555693496905), ('people wounded weapons', 0.012203555693496905)]",negative
1,0,56,0_health_support_service_health service,"[('health', 0.03570722641222842), ('support', 0.023676262619431607), ('service', 0.020077474609789595), ('health service', 0.019469664073145068), ('covid19', 0.018980621276504194), ('eu', 0.014812739474198634), ('countries', 0.013906902909389333), ('ireland', 0.01233137118291213), ('dont', 0.012047307320021359), ('health services', 0.011316509042801652)]",negative
2,1,45,1_health_support_mental_mental health,"[('health', 0.03868567622676523), ('support', 0.036880814991489194), ('mental', 0.03449755177982377), ('mental health', 0.03316612147210423), ('people', 0.019855286937849704), ('services', 0.01790628209468682), ('etc', 0.017750996265067515), ('nurses', 0.017750996265067515), ('dont', 0.017313373149621364), ('health services', 0.01642740560943989)]",negative
3,2,12,2_republicans_gop_coronavirus_supporters,"[('republicans', 0.06078980060497695), ('gop', 0.05043823571512969), ('coronavirus', 0.047129317874479305), ('supporters', 0.03711721023500892), ('donaldtrump', 0.03483524256526984), ('real', 0.030931008529174096), ('covid19', 0.029725583151677754), ('covid19 coronavirus', 0.02887485381037573), ('drive', 0.02887485381037573), ('via', 0.027868194052215873)]",negative
