,Topic,Count,TopicLabel,WordScore,Sentiment
0,-1,21,-1_health_granted_bail_take,"[('health', 0.04421063968232211), ('granted', 0.038198194435477555), ('bail', 0.024011533631712823), ('take', 0.024011533631712823), ('grants', 0.022151457485435296), ('state', 0.02083537878298776), ('read', 0.020707842007469054), ('another week', 0.017250558339891302), ('another', 0.017250558339891302), ('week', 0.01656627360597524)]",negative
1,0,18,0_covid19_amp_donations_commodities,"[('covid19', 0.037762130280289304), ('amp', 0.03693974710416648), ('donations', 0.02958413819960231), ('commodities', 0.02728869832685473), ('health', 0.026797140132907054), ('countries', 0.026484339832366907), ('industry', 0.0196049652524224), ('income', 0.0196049652524224), ('million', 0.0196049652524224), ('important', 0.01819246555123649)]",negative
2,1,11,1_nurses_donations_money_get,"[('nurses', 0.05878882057931257), ('donations', 0.03707748899358052), ('money', 0.036058575530802564), ('get', 0.03257203653675329), ('pay', 0.030781045649975265), ('nurses staff living', 0.028080796094635093), ('staff living wage', 0.028080796094635093), ('dnt want donations', 0.028080796094635093), ('dnt want', 0.028080796094635093), ('pay drs nurses', 0.028080796094635093)]",negative
