,Topic,Count,TopicLabel,WordScore,Sentiment
0,-1,32,-1_health_donation_good_take,"[('health', 0.051602328712550605), ('donation', 0.024836667200611822), ('good', 0.022268819801032368), ('take', 0.022268819801032368), ('charity', 0.019618965131420484), ('covid19', 0.019618965131420484), ('botswana', 0.019618965131420484), ('pray', 0.019618965131420484), ('amp', 0.019618965131420484), ('make', 0.019618965131420484)]",positive
