,Topic,Count,TopicLabel,WordScore,Sentiment
0,-1,34,-1_mask_blood_dry_cotton,"[('mask', 0.030517644903408768), ('blood', 0.028765130595556833), ('dry', 0.02697869519103288), ('cotton', 0.02697869519103288), ('sheet', 0.02697869519103288), ('gift', 0.024561859597121156), ('care', 0.021492466399154905), ('care package', 0.015338884922268153), ('new', 0.015338884922268153), ('eye', 0.015338884922268153)]",positive
1,0,38,0_health_gift_may_allah,"[('health', 0.04421243732458459), ('gift', 0.03447299688894927), ('may', 0.024613974806079703), ('allah', 0.02329334230466489), ('good', 0.022457892403966565), ('mother', 0.019573896379702273), ('greatest', 0.019573896379702273), ('world', 0.019188071698845607), ('good health', 0.019188071698845607), ('amp', 0.017248846430479536)]",positive
2,1,13,1_gift_lives_covid19_commitment,"[('gift', 0.04609596794830788), ('lives', 0.0458985111286852), ('covid19', 0.04360276109433898), ('commitment', 0.04318040812080016), ('health', 0.042198858526457765), ('save', 0.04202112527384446), ('got', 0.03418121453545015), ('pakistanarmy', 0.030821518916807927), ('amp', 0.029471299456689352), ('pakistan', 0.028786938747200102)]",positive
