,Topic,Count,TopicLabel,WordScore,Sentiment
0,-1,19,-1_like_amp_want_health,"[('like', 0.033628424792592315), ('amp', 0.033628424792592315), ('want', 0.030590170407325395), ('health', 0.02422315752654277), ('us', 0.020862992534565895), ('gift', 0.020862992534565895), ('hand', 0.020862992534565895), ('covid19', 0.020862992534565895), ('ppe', 0.020862992534565895), ('food', 0.020862992534565895)]",negative
