,Topic,Count,TopicLabel,WordScore,Sentiment
0,-1,11,-1_health_day_guyana_must,"[('health', 0.06506946213290665), ('day', 0.03167915976736892), ('guyana', 0.03167915976736892), ('must', 0.03167915976736892), ('feeling sportsmed personaltrainer', 0.017989257151228687), ('feeling sportsmed', 0.017989257151228687), ('equality', 0.017989257151228687), ('fraser', 0.017989257151228687), ('equality must motto', 0.017989257151228687), ('exercise', 0.017989257151228687)]",positive
