,Topic,Count,TopicLabel,WordScore,Sentiment
0,-1,81,-1_health_one_dont_care,"[('health', 0.02867887773589177), ('one', 0.012239432323046095), ('dont', 0.012239432323046095), ('care', 0.01179733190021966), ('get', 0.011452499712162473), ('healthcare', 0.011452499712162473), ('us', 0.010545267587135346), ('good', 0.010498124736148933), ('covid19', 0.010441373897315039), ('think', 0.009831726084925456)]",neutral
1,0,33,0_health_amp_public_travel,"[('health', 0.04342630519074811), ('amp', 0.026290795529696848), ('public', 0.01724016893356723), ('travel', 0.017224973332813448), ('public health', 0.015551691931314284), ('time', 0.014254243785635744), ('holiday', 0.013692148981240033), ('covid', 0.013330021655412243), ('message', 0.013031984960930817), ('follow', 0.012802205878561183)]",neutral
2,1,19,1_travel_health_public_cdnpoli,"[('travel', 0.06679521503894395), ('health', 0.05613302146670717), ('public', 0.04866588185336015), ('cdnpoli', 0.04584665162455965), ('public health', 0.04560999102241261), ('relief canadas', 0.03690291591634188), ('industry calls feds', 0.03690291591634188), ('provide urgent relief', 0.03690291591634188), ('canadas airports', 0.03690291591634188), ('relief canadas airports', 0.03690291591634188)]",neutral
3,2,11,2_travel_says_people_covid19,"[('travel', 0.07813058208875952), ('says', 0.0524152035802909), ('people', 0.043774700165194254), ('covid19', 0.040980082508488676), ('passengers', 0.03494346905352727), ('covid', 0.032391166190695674), ('possible travel', 0.029268697346034336), ('travel safely', 0.029268697346034336), ('possible travel safely', 0.029268697346034336), ('avoid nonessential', 0.029268697346034336)]",neutral
