,Topic,Count,TopicLabel,WordScore,Sentiment
0,-1,44,-1_health_support_covid19_new,"[('health', 0.03150638551662548), ('support', 0.030722487592658717), ('covid19', 0.01814706935563977), ('new', 0.01768509584828246), ('healthcare', 0.0158454122897454), ('supporting', 0.01561911329594727), ('care', 0.01547445886724715), ('specialists', 0.013974712096851395), ('event', 0.013974712096851395), ('medical', 0.013593685191034032)]",positive
1,0,30,0_health_support_global_covid19,"[('health', 0.04659476463559658), ('support', 0.045435458715014546), ('global', 0.041163859596233594), ('covid19', 0.029521452643504986), ('join', 0.02558108041438988), ('pandemic', 0.02506847003832903), ('efforts', 0.024605033881829646), ('help', 0.022885163022020556), ('response', 0.02152940464660094), ('response efforts', 0.020667188899196744)]",positive
2,1,15,1_mental health_mental_health_amp,"[('mental health', 0.038361565165447094), ('mental', 0.03759285109914515), ('health', 0.03629809423441987), ('amp', 0.03288134157038322), ('support', 0.02966436058662225), ('community', 0.02437540183905795), ('great', 0.023613454821933385), ('work', 0.02296962319491285), ('safe', 0.021084502304398046), ('spurs', 0.019884161965335025)]",positive
