,Topic,Count,TopicLabel,WordScore,Sentiment
0,-1,26,-1_health_support_service_care,"[('health', 0.06285270268904057), ('support', 0.03779114191880387), ('service', 0.027280270713107322), ('care', 0.02447231512091583), ('health service', 0.02447231512091583), ('system', 0.021572410461935858), ('people', 0.01856495889151842), ('good', 0.01856495889151842), ('lives', 0.01856495889151842), ('work', 0.01856495889151842)]",neutral
