,Topic,Count,TopicLabel,WordScore,Sentiment
0,-1,10,-1_support_home_support worker_description,"[('support', 0.10371252420321148), ('home', 0.0762168162635723), ('support worker', 0.06593570389065354), ('description', 0.06483079089280896), ('worker', 0.06234814045826069), ('home support worker', 0.0569310443335091), ('home support', 0.0569310443335091), ('support workers', 0.04532493772778084), ('health', 0.04283803430963808), ('personal support', 0.04034299240177738)]",neutral
1,0,122,0_health_support_services_care,"[('health', 0.03494096602206247), ('support', 0.030242795342011457), ('services', 0.018073460525872418), ('care', 0.017360400982090813), ('covid19', 0.015705548817772457), ('alberta', 0.015341852943534585), ('health services', 0.014512993235193818), ('health care', 0.013656998971976052), ('public', 0.01343965828325956), ('get', 0.011673126461042006)]",neutral
2,1,88,1_mental_mental health_health_support,"[('mental', 0.052811828754530006), ('mental health', 0.05068331775285971), ('health', 0.050076184934370035), ('support', 0.023702124046845782), ('supports', 0.018804922495763456), ('amp', 0.018321778329799348), ('services', 0.01781650678021468), ('need', 0.01734281775443664), ('mental health services', 0.01516978305246009), ('health services', 0.014099316425792435)]",neutral
3,2,26,2_served_call 18665222122 visit_faces youve served_youve served,"[('served', 0.13599990137983625), ('call 18665222122 visit', 0.07850030777382438), ('faces youve served', 0.07850030777382438), ('youve served', 0.07850030777382438), ('served struggling', 0.07850030777382438), ('18665222122 visit supportforcdnveterans', 0.07850030777382438), ('18665222122 visit', 0.07850030777382438), ('18665222122', 0.07850030777382438), ('know served mental', 0.07850030777382438), ('know served', 0.07850030777382438)]",neutral
