,Topic,Count,TopicLabel,WordScore,Sentiment
0,-1,23,-1_health_travel_please_safe,"[('health', 0.03877994824713472), ('travel', 0.03877994824713472), ('please', 0.026971078131019722), ('safe', 0.026971078131019722), ('covid19', 0.020486863990004336), ('need', 0.020486863990004336), ('careful', 0.0170384088956405), ('day', 0.0170384088956405), ('africa', 0.0170384088956405), ('note', 0.0170384088956405)]",neutral
