,Topic,Count,TopicLabel,WordScore,Sentiment
0,-1,14,-1_nurses_may god_may_workers,"[('nurses', 0.043802223901553916), ('may god', 0.03286723586162876), ('may', 0.03194018237226251), ('workers', 0.030661556731087742), ('god', 0.029798139497013914), ('health', 0.02683991125681781), ('safety', 0.023921009523055134), ('deaths', 0.023538950320368016), ('health workers', 0.021911490574419174), ('enjoy', 0.021911490574419174)]",positive
1,0,42,0_health_workers_covid19_lives,"[('health', 0.023078878459980717), ('workers', 0.019496808951779684), ('covid19', 0.017708167626356745), ('lives', 0.01686308690651398), ('beat', 0.01679964659982976), ('coronavirus', 0.01679964659982976), ('mask', 0.01679964659982976), ('stayhome', 0.01641803045243755), ('us', 0.01595193459691065), ('consider', 0.015078525378266552)]",positive
2,1,31,1_safe_travel_nurses_amp,"[('safe', 0.034233489656136096), ('travel', 0.027537510185772437), ('nurses', 0.024164226852357244), ('amp', 0.023319777341852994), ('health', 0.023135444338559102), ('safety', 0.023093741277049475), ('travelling', 0.022025417427539353), ('care', 0.01976612208110266), ('festive season', 0.019517795975608303), ('festive', 0.019517795975608303)]",positive
3,2,18,2_take_care_covid19_travel,"[('take', 0.03741140750029892), ('care', 0.03261636645926795), ('covid19', 0.031688753054263094), ('travel', 0.027488423714853053), ('take care', 0.02540487963250668), ('carrying', 0.025049577722705847), ('stay', 0.02244309644066497), ('hours', 0.0208326004172241), ('holiday season', 0.0208326004172241), ('health', 0.020784784218598553)]",positive
4,3,11,3_learn_im_good_mind,"[('learn', 0.07373656787071328), ('im', 0.07264168599255126), ('good', 0.07065752899900372), ('mind', 0.04722374886137713), ('looking', 0.04722374886137713), ('things', 0.04615102718245333), ('want', 0.04615102718245333), ('health im cips', 0.042385683022068854), ('hope', 0.042385683022068854), ('cips', 0.042385683022068854)]",positive
