,Topic,Count,TopicLabel,WordScore,Sentiment
0,-1,30,-1_covid19_health_coronavirus_confirmed covid19,"[('covid19', 0.039470772826897434), ('health', 0.03266601854868946), ('coronavirus', 0.02880417148712392), ('confirmed covid19', 0.024742905434590245), ('cases', 0.024248963628958335), ('confirmed', 0.023807271660038144), ('travel', 0.021031822849634597), ('tested', 0.019462494424263267), ('travelled', 0.019462494424263267), ('minister', 0.018977314406706785)]",negative
1,0,59,0_health_travel_covid19_need,"[('health', 0.03797143913192199), ('travel', 0.024372230692323076), ('covid19', 0.019117242148397995), ('need', 0.018441899183465553), ('public', 0.017139233637364807), ('amp', 0.016886202753407874), ('people', 0.015779388898430082), ('botswana', 0.0149745223448957), ('dont', 0.014491930031509634), ('covid', 0.01213611119757423)]",negative
2,1,53,1_health_go_workers_lockdown,"[('health', 0.026113474177785742), ('go', 0.02339913213382147), ('workers', 0.019595351956940683), ('lockdown', 0.01951327043155317), ('allowance', 0.019017516200059058), ('sale', 0.01582529031828724), ('stay', 0.014696513967705513), ('salary', 0.014619759595088738), ('get', 0.014189675159088052), ('even', 0.014066924727366434)]",negative
