,Topic,Count,TopicLabel,WordScore,Sentiment
0,-1,35,-1_health_support_covid19_one,"[('health', 0.04166558567531935), ('support', 0.040006680187609715), ('covid19', 0.034888204202850236), ('one', 0.019867122570569943), ('supporting', 0.019867122570569943), ('services', 0.017792891502874008), ('ecgs', 0.015656090058766114), ('supported', 0.015656090058766114), ('pandemic', 0.015656090058766114), ('uspartnermne', 0.013446134426850945)]",negative
