,Topic,Count,TopicLabel,WordScore,Sentiment
0,-1,11,-1_permit_number_social_benefits,"[('permit', 0.04119386383554767), ('number', 0.04119386383554767), ('social', 0.04119386383554767), ('benefits', 0.02978638412490986), ('health', 0.02978638412490986), ('year', 0.02978638412490986), ('work', 0.02978638412490986), ('discounted', 0.023578949660893116), ('education', 0.023578949660893116), ('social security', 0.023578949660893116)]",negative
