,Topic,Count,TopicLabel,WordScore,Sentiment
0,-1,25,-1_health_poland_covid19_travel,"[('health', 0.03674577240341345), ('poland', 0.03128752409708097), ('covid19', 0.03128752409708097), ('travel', 0.025527453623624935), ('healthy', 0.022508371972329553), ('time', 0.01937607152983886), ('amp', 0.01937607152983886), ('pandemic', 0.01937607152983886), ('new', 0.01610743928965657), ('im', 0.01610743928965657)]",positive
