,Topic,Count,TopicLabel,WordScore,Sentiment
0,-1,33,-1_travel_telehealth_healthcare_health,"[('travel', 0.028410975402437543), ('telehealth', 0.0209489477946127), ('healthcare', 0.019237351139808002), ('health', 0.018870545982256334), ('bonus', 0.015708008293729574), ('amp', 0.01273010121567216), ('mental', 0.012700154319659325), ('job', 0.012700154319659325), ('mental health', 0.012700154319659325), ('working', 0.012700154319659325)]",neutral
1,0,54,0_health_travel_people_amp,"[('health', 0.028020624307933867), ('travel', 0.02358284078766989), ('people', 0.013899619825603574), ('amp', 0.013314117233528587), ('covid19', 0.012982478472783866), ('safe', 0.012774538928858284), ('still', 0.01255607153601425), ('im', 0.01255607153601425), ('one', 0.011878188371846331), ('dont', 0.011834770874247632)]",neutral
2,1,19,1_us_sector_office_covid19,"[('us', 0.060321063850397975), ('sector', 0.04588820491972932), ('office', 0.042139862718251236), ('covid19', 0.032552619818863884), ('end', 0.03025217450971201), ('travel', 0.023283326098521677), ('got', 0.02294410245986466), ('workers', 0.02252195616635276), ('us appreciate effort', 0.02160947208173981), ('travel tourism', 0.02160947208173981)]",neutral
3,2,12,2_nurses_nursing_work_teachers,"[('nurses', 0.054965375396244964), ('nursing', 0.05328508297965803), ('work', 0.046613460296261136), ('teachers', 0.03353503136336386), ('take', 0.030448618845518874), ('hospital', 0.030448618845518874), ('didnt', 0.030448618845518874), ('new', 0.030448618845518874), ('need', 0.028484960398305007), ('better', 0.027960868402376538)]",neutral
