,Topic,Count,TopicLabel,WordScore,Sentiment
0,-1,10,-1_reading_campaign_programme_charchar,"[('reading', 0.058344433966706896), ('campaign', 0.058344433966706896), ('programme', 0.0506484794516684), ('charchar', 0.042508998840496345), ('support charchars reading', 0.042508998840496345), ('programme malawi buying', 0.042508998840496345), ('literacys 612th june', 0.042508998840496345), ('online', 0.042508998840496345), ('612th june fundraising', 0.042508998840496345), ('online auction', 0.042508998840496345)]",positive
