,Topic,Count,TopicLabel,WordScore,Sentiment
0,-1,28,-1_covid19_cambodia_health_workers,"[('covid19', 0.05146364154572652), ('cambodia', 0.03664008554998625), ('health', 0.029682678011054682), ('workers', 0.029682678011054682), ('emergency', 0.02725642188456405), ('patients', 0.024766832250738596), ('migrant', 0.024766832250738596), ('today', 0.022205871337673107), ('care', 0.022205871337673107), ('migrant workers', 0.022205871337673107)]",negative
