,Topic,Count,TopicLabel,WordScore,Sentiment
0,-1,18,-1_health_support_help_amp,"[('health', 0.05554651316793207), ('support', 0.03575705748645429), ('help', 0.032128387213849835), ('amp', 0.032128387213849835), ('covid19', 0.02837149904933872), ('human', 0.02837149904933872), ('appreciation', 0.024464565556685993), ('please', 0.024464565556685993), ('health minister mam', 0.020376875022417893), ('help covid19', 0.020376875022417893)]",positive
