,Topic,Count,TopicLabel,WordScore,Sentiment
0,-1,42,-1_care_cases_hospital_health,"[('care', 0.03527341646153468), ('cases', 0.03459025498229725), ('hospital', 0.032334707331191245), ('health', 0.026780999191555858), ('support', 0.026358024440574147), ('healthcare', 0.02281042678136914), ('covid19', 0.021676930598286605), ('district health board', 0.020735154833883745), ('enhance care covid19', 0.020735154833883745), ('district health', 0.020735154833883745)]",positive
1,0,241,0_health_support_mental_mental health,"[('health', 0.03273609749072185), ('support', 0.031837778128506855), ('mental', 0.02400373607886988), ('mental health', 0.02260011292078145), ('amp', 0.014428998711255124), ('services', 0.01287010629211612), ('people', 0.011484745859295407), ('love', 0.011313909740690426), ('health services', 0.008912094954265468), ('family', 0.008741049107745662)]",positive
2,1,57,1_support_nz_health_covid19,"[('support', 0.03162269492735457), ('nz', 0.027063955140172586), ('health', 0.025405237532726277), ('covid19', 0.019260712219496694), ('aotearoa', 0.019237616332511177), ('care', 0.01810851825987067), ('new', 0.017721973423006552), ('new zealand', 0.016666421413673853), ('zealand', 0.016666421413673853), ('amp', 0.0161918931687391)]",positive
3,2,32,2_amp_support_covid19_people,"[('amp', 0.027935464038374058), ('support', 0.027913311597005542), ('covid19', 0.023999458876674453), ('people', 0.022370782774706346), ('learning', 0.017583776707089677), ('economic', 0.017583776707089677), ('actions', 0.016605855131990865), ('pay', 0.016344665217928486), ('care', 0.015621084432965358), ('lockdowns', 0.015422372595111988)]",positive
4,3,28,3_covid_vaccine_health_many,"[('covid', 0.0431486326306956), ('vaccine', 0.039400385028648795), ('health', 0.035219622893051), ('many', 0.03372719148128032), ('vaccination', 0.03296796398062141), ('support', 0.024468261098880235), ('well', 0.0215743163153478), ('support vaccination', 0.02048388083041641), ('women', 0.019291856144624222), ('continue', 0.01751128223495502)]",positive
5,4,19,4_mori_health_able_support,"[('mori', 0.06464599377188067), ('health', 0.04578045673042211), ('able', 0.04170608363891707), ('support', 0.03942523167914086), ('covid19', 0.03687721729830465), ('minister', 0.036277183776377855), ('get', 0.03596251238574469), ('fantastic', 0.029384542623582123), ('support mori', 0.028290237854203155), ('mori health', 0.028290237854203155)]",positive
