,Topic,Count,TopicLabel,WordScore,Sentiment
0,-1,14,-1_vaccination_family_member_family member,"[('vaccination', 0.057217649807542674), ('family', 0.048552141815493034), ('member', 0.03471134781582765), ('family member', 0.03471134781582765), ('support', 0.033084115758402734), ('pandemic', 0.02646644162729937), ('need', 0.025834327857680164), ('mum', 0.0247046793669794), ('odd', 0.02384390621252737), ('healthy', 0.0231408985438851)]",neutral
1,0,114,0_health_support_amp_mental,"[('health', 0.0422895667626248), ('support', 0.037700415353220766), ('amp', 0.02196576246610204), ('mental', 0.017081272592557973), ('mental health', 0.015577230831489397), ('services', 0.012815361958982049), ('covid19', 0.012331974408262439), ('people', 0.011716620915826667), ('public', 0.011290920994747718), ('health services', 0.011155259616580678)]",neutral
2,1,13,1_new_health_framework_support,"[('new', 0.05834215032690024), ('health', 0.05431329599952951), ('framework', 0.03738208062108724), ('support', 0.03640835705470157), ('covid19', 0.033690885762185124), ('unhappy', 0.029296487657212204), ('peeni', 0.029296487657212204), ('directed dhb work', 0.029296487657212204), ('directed dhb', 0.029296487657212204), ('directed', 0.029296487657212204)]",neutral
3,2,12,2_nurses_supporting nurses_hospital_supporting,"[('nurses', 0.10492278747023406), ('supporting nurses', 0.04969051865751261), ('hospital', 0.04851640818515948), ('supporting', 0.043959058793745925), ('doctors', 0.039425045271290024), ('like', 0.038597988302900926), ('dont', 0.03663254899478827), ('issues common', 0.03536561984069665), ('nurses lot', 0.03536561984069665), ('nurses lot issues', 0.03536561984069665)]",neutral
