,Topic,Count,TopicLabel,WordScore,Sentiment
0,-1,11,-1_day_health_holiday_workers,"[('day', 0.06799772063596492), ('health', 0.06273857956144008), ('holiday', 0.04579181003251753), ('workers', 0.04579181003251753), ('healthcare', 0.04579181003251753), ('dear', 0.03965065220080441), ('congratulate', 0.03965065220080441), ('wish', 0.03965065220080441), ('good', 0.033182604594372715), ('good health', 0.033182604594372715)]",positive
