,Topic,Count,TopicLabel,WordScore,Sentiment
0,-1,10,-1_us_humanity served_inspired_leave positive lifetime,"[('us', 0.09220582210009455), ('humanity served', 0.08555579362158289), ('inspired', 0.08555579362158289), ('leave positive lifetime', 0.08555579362158289), ('sonusood', 0.08555579362158289), ('served man golden', 0.08555579362158289), ('inspired us', 0.08555579362158289), ('served man', 0.08555579362158289), ('humanity served man', 0.08555579362158289), ('humanity', 0.08555579362158289)]",neutral
1,0,510,0_migrant_workers_amp_migrant workers,"[('migrant', 0.030259320061521412), ('workers', 0.02342684637184761), ('amp', 0.01936354630443605), ('migrant workers', 0.01780006744042944), ('covid19', 0.016413459065340877), ('health', 0.016179223779238874), ('worker', 0.013662085245870719), ('covid', 0.01277651897777201), ('migrants', 0.012520012978870499), ('lockdown', 0.01133916059277266)]",neutral
2,1,40,1_blood_blooddonation_patient_hospital,"[('blood', 0.11838393925466377), ('blooddonation', 0.060077096619462006), ('patient', 0.053251569360385914), ('hospital', 0.05237758572718454), ('bangalore', 0.04436549796560157), ('city', 0.04170864079377525), ('health', 0.04061139595835015), ('name', 0.03502539313073808), ('choking', 0.03452083257248189), ('requirement', 0.03416668800246134)]",neutral
