,Topic,Count,TopicLabel,WordScore,Sentiment
0,-1,19,-1_gift_good_festival_health,"[('gift', 0.050221220805463804), ('good', 0.047172393323900975), ('festival', 0.040858089239642084), ('health', 0.0375782741731801), ('may', 0.03420450306699862), ('dragon', 0.030724792595826136), ('dragon boat', 0.030724792595826136), ('dragon boat festival', 0.030724792595826136), ('boat festival', 0.030724792595826136), ('boat', 0.030724792595826136)]",positive
