,Topic,Count,TopicLabel,WordScore,Sentiment
0,-1,20,-1_health_granted_immigrants_care,"[('health', 0.049568427986057935), ('granted', 0.025192375657379584), ('immigrants', 0.025192375657379584), ('care', 0.025192375657379584), ('take', 0.0217039063074395), ('canada', 0.0217039063074395), ('place', 0.018059099456528088), ('limited', 0.018059099456528088), ('visitors', 0.018059099456528088), ('health care', 0.018059099456528088)]",neutral
