,Topic,Count,TopicLabel,WordScore,Sentiment
0,-1,19,-1_health_system_support_service,"[('health', 0.060687240926183744), ('system', 0.03869025525561182), ('support', 0.031645171349293066), ('service', 0.024091266663432382), ('health service', 0.024091266663432382), ('might', 0.024091266663432382), ('services', 0.024091266663432382), ('endemic', 0.024091266663432382), ('public', 0.020063264721883634), ('without', 0.020063264721883634)]",neutral
