,Topic,Count,TopicLabel,WordScore,Sentiment
0,-1,22,-1_health_health service_service_covid19,"[('health', 0.04532052412181664), ('health service', 0.036850170433758545), ('service', 0.036850170433758545), ('covid19', 0.03185588021295666), ('supporters', 0.029319088059400485), ('china', 0.02651702643389887), ('police', 0.02651702643389887), ('says', 0.02651702643389887), ('buy', 0.022830465839735633), ('italy', 0.019665509545934712)]",negative
1,0,29,0_health_mental_mental health_support,"[('health', 0.03899453429647974), ('mental', 0.029780136622393802), ('mental health', 0.029780136622393802), ('support', 0.026107682658467718), ('health services', 0.023064349273395048), ('services', 0.023064349273395048), ('youre', 0.020697883391516535), ('get', 0.01571497065301803), ('good', 0.01571497065301803), ('amp', 0.014415218295871906)]",negative
2,1,24,1_support_research_covid19_lockdown,"[('support', 0.04414342478484879), ('research', 0.033426593149847895), ('covid19', 0.03177893364239397), ('lockdown', 0.028588361679471538), ('please', 0.02645297564541119), ('italy', 0.023541609978176916), ('public', 0.023124623464248154), ('health', 0.022605527128394053), ('big', 0.02204414637117599), ('supporting', 0.01999890415895724)]",negative
