,Topic,Count,TopicLabel,WordScore,Sentiment
0,-1,29,-1_health_support_mental_care,"[('health', 0.044936275455185935), ('support', 0.034877991166053494), ('mental', 0.025820545246967048), ('care', 0.022641021174221145), ('mental health', 0.022641021174221145), ('us', 0.01772113196276408), ('naples', 0.017095189695870476), ('supported', 0.015923904577665886), ('year', 0.015923904577665886), ('new', 0.015094014116147431)]",positive
1,0,40,0_support_health_global_access,"[('support', 0.026083747457911716), ('health', 0.0247316184606192), ('global', 0.024278666819227534), ('access', 0.01978787070764263), ('covid19', 0.018570922041684826), ('vaccine', 0.017445342948311102), ('pandemic', 0.015830296566114104), ('art', 0.01565409169159526), ('amp', 0.015475768368070686), ('covid19 pandemic', 0.01461457921113172)]",positive
2,1,26,1_health_support_careerservices_covid19,"[('health', 0.04074520671006588), ('support', 0.03906621078960752), ('careerservices', 0.030253797356983955), ('covid19', 0.029521966847674715), ('emergency', 0.02896534093261338), ('service', 0.02662951929163254), ('rome', 0.024863636130762673), ('people', 0.02442478366132329), ('students', 0.02393789577034741), ('due', 0.020607781409348234)]",positive
3,2,20,2_support_health_national_covid19,"[('support', 0.059516232938363674), ('health', 0.03251502270888615), ('national', 0.030572588966807833), ('covid19', 0.029594502392754997), ('response', 0.02606323758794226), ('world', 0.024479641750364795), ('oman', 0.023614976757058315), ('support vulnerable', 0.023614976757058315), ('countries', 0.023614976757058315), ('vulnerable countries', 0.023614976757058315)]",positive
4,3,17,3_food_amp_support_sustainable,"[('food', 0.06111474677429668), ('amp', 0.05584482601512868), ('support', 0.030200237056723964), ('sustainable', 0.02441665368575436), ('health', 0.023623641953583463), ('human', 0.018515323982474182), ('measures', 0.018515323982474182), ('achieve', 0.016492895840236055), ('animal', 0.016492895840236055), ('food security', 0.016492895840236055)]",positive
