,Topic,Count,TopicLabel,WordScore,Sentiment
0,-1,28,-1_migrant_singapore_covid19_workers,"[('migrant', 0.05237588379556462), ('singapore', 0.0344458031518851), ('covid19', 0.0344458031518851), ('workers', 0.031652717441510624), ('worker', 0.02878358017379601), ('migrant worker', 0.02878358017379601), ('migrant workers', 0.02878358017379601), ('health', 0.025828719641497088), ('take', 0.02277567521226841), ('dormitories', 0.019607781260200855)]",neutral
