,Topic,Count,TopicLabel,WordScore,Sentiment
0,0,61,0_health_taiwan_good_amp,False,positive
1,1,11,1_mask_taiwan_pandemic_contribution,"[('health', 0.03107563599806657), ('taiwan', 0.022910254181077592), ('good', 0.020508103341029822), ('amp', 0.017144244468045855), ('covid19', 0.017144244468045855), ('us', 0.017144244468045855), ('medical', 0.015979511269104556), ('one', 0.013572577310124448), ('healthy', 0.013310819721468066), ('care', 0.012324745726157977)]",positive
