,Topic,Count,TopicLabel,WordScore,Sentiment
0,-1,83,-1_travel_covid19_taiwan_quarantine,"[('travel', 0.04145701173144628), ('covid19', 0.03647089117396267), ('taiwan', 0.03125945352254271), ('quarantine', 0.027372686838516187), ('health', 0.024146030892583763), ('cases', 0.022487829005110704), ('singapore', 0.02079609083201232), ('coronavirus', 0.01818798333055485), ('japan', 0.01818798333055485), ('china', 0.017297680752766897)]",negative
