,Topic,Count,TopicLabel,WordScore,Sentiment
0,-1,23,-1_quarantine_people_health_taiwan,"[('quarantine', 0.044723580838654534), ('people', 0.03338903487387963), ('health', 0.03338903487387963), ('taiwan', 0.027261869037489644), ('home', 0.024047649423162256), ('travel', 0.024047649423162256), ('restrictions', 0.024047649423162256), ('travelers', 0.024047649423162256), ('travelling', 0.024047649423162256), ('care', 0.020710755342514934)]",neutral
