,Topic,Count,TopicLabel,WordScore,Sentiment
0,-1,20,-1_health_service_health service_poland,"[('health', 0.05120580747981041), ('service', 0.03246758290815414), ('health service', 0.029528587981263923), ('poland', 0.026501147547208222), ('support', 0.023372400804652395), ('social', 0.023372400804652395), ('permit', 0.023372400804652395), ('people', 0.023372400804652395), ('number', 0.023372400804652395), ('access', 0.02012514689484836)]",negative
