,Topic,Count,TopicLabel,WordScore,Sentiment
0,-1,30,-1_support_medical_health_supporting,"[('support', 0.03266437366743876), ('medical', 0.028197922881615378), ('health', 0.025886984433327032), ('supporting', 0.02351656921750669), ('nurses', 0.021079133631665893), ('control', 0.01856495889151842), ('poland', 0.01856495889151842), ('covid19', 0.01856495889151842), ('amp', 0.01856495889151842), ('equipment', 0.01596104658923232)]",positive
