,Topic,Count,TopicLabel,WordScore,Sentiment
0,-1,13,-1_travel_allowances_im_australian,"[('travel', 0.028402740461650672), ('allowances', 0.028402740461650672), ('im', 0.028402740461650672), ('australian', 0.028402740461650672), ('benefits', 0.028402740461650672), ('government', 0.022470740962989236), ('international', 0.022470740962989236), ('amp', 0.022470740962989236), ('health', 0.022470740962989236), ('government responsible', 0.01608011077994392)]",neutral
