,Topic,Count,TopicLabel,WordScore,Sentiment
0,-1,25,-1_covid19_workers_migrant_migrant workers,"[('covid19', 0.030535111398351626), ('workers', 0.030535111398351626), ('migrant', 0.027409844733879613), ('migrant workers', 0.0241790196526983), ('immigrants', 0.020824705892015086), ('phobia', 0.017321675387953456), ('even', 0.017321675387953456), ('one', 0.017321675387953456), ('health', 0.017321675387953456), ('france', 0.017321675387953456)]",negative
