,Topic,Count,TopicLabel,WordScore,Sentiment
0,-1,11,-1_health_research_amp_etc,"[('health', 0.048852632067419396), ('research', 0.0281242398755623), ('amp', 0.0281242398755623), ('etc', 0.020196378505982972), ('doctors nurses', 0.020196378505982972), ('leftbehind children', 0.020196378505982972), ('publichealth healthforall', 0.020196378505982972), ('doctors', 0.020196378505982972), ('europe', 0.020196378505982972), ('line', 0.020196378505982972)]",neutral
