,Topic,Count,TopicLabel,WordScore,Sentiment
0,0,122,0_health_jamaica_safe_amp,False,positive
1,1,36,1_health_care_take_take care,"[('health', 0.018349232142256502), ('jamaica', 0.015554862698895795), ('safe', 0.01542069527951365), ('amp', 0.013962864240794431), ('great', 0.012639460854512702), ('happy', 0.01195450975354163), ('travel', 0.011113192174298072), ('bonus', 0.010095717025220207), ('covid19', 0.00970466769390157), ('team', 0.009641123582268351)]",positive
2,2,31,2_travel_covid19_covid_international,"[('health', 0.051735883796215895), ('care', 0.03554068540971142), ('take', 0.03503206704827861), ('take care', 0.03488129268631248), ('amp', 0.028345295524141514), ('message', 0.02699962480172442), ('well', 0.022671854081901106), ('life', 0.021233756168574668), ('help', 0.021233756168574668), ('social', 0.020910204242218042)]",positive
3,3,19,3_message_covid19_covid19 message_novel coronavirus,"[('travel', 0.040473768089196754), ('covid19', 0.03950209807799371), ('covid', 0.028976622489394078), ('international', 0.024523493039762288), ('stay healthy', 0.023116314322764394), ('chicken', 0.02082377941783934), ('healthy', 0.020283635742575856), ('stay', 0.019803466230990583), ('health', 0.018672282003915946), ('coronavirus', 0.018307550792521193)]",positive
4,4,17,4_week_endless_motivationalmonday_week possibilities,"[('message', 0.10952497976105875), ('covid19', 0.09597459722724752), ('covid19 message', 0.0636622744594381), ('novel coronavirus', 0.0636622744594381), ('novel coronavirus covid19', 0.0636622744594381), ('grapple novel coronavirus', 0.0636622744594381), ('novel', 0.0636622744594381), ('health wellness', 0.0636622744594381), ('health wellness welfare', 0.0636622744594381), ('wellness welfare labour', 0.0636622744594381)]",positive
5,5,12,5_political leader_political_done_leader,"[('week', 0.08507739588627644), ('endless', 0.0743139043885602), ('motivationalmonday', 0.0743139043885602), ('week possibilities', 0.0743139043885602), ('motivationalmonday motivationalquotes jamaicans', 0.0743139043885602), ('beginnings new', 0.0743139043885602), ('week possibilities endless', 0.0743139043885602), ('authority motivationalmonday motivationalquotes', 0.0743139043885602), ('beginnings new starts', 0.0743139043885602), ('beginnings', 0.0743139043885602)]",positive
