,Topic,Count,TopicLabel,WordScore,Sentiment
0,-1,3,-1_overseas_athletes_doctors_accident,"[('overseas', 0.0906972543826793), ('athletes', 0.0906972543826793), ('doctors', 0.07169525626603146), ('accident', 0.05125172725315403), ('specialist', 0.05125172725315403), ('travel athletes', 0.05125172725315403), ('plan', 0.05125172725315403), ('drugs specialist', 0.05125172725315403), ('drugs specialist consultation', 0.05125172725315403), ('personal', 0.05125172725315403)]",neutral
1,0,20,0_bonus_salary_nurses_seeking sales,"[('bonus', 0.04948468289282306), ('salary', 0.041169618419172584), ('nurses', 0.03458870940813969), ('seeking sales', 0.027543834771309214), ('seeking sales rep', 0.027543834771309214), ('get', 0.027543834771309214), ('seeking', 0.027543834771309214), ('nurses get', 0.027543834771309214), ('bonus points', 0.027543834771309214), ('points', 0.027543834771309214)]",neutral
2,1,17,1_amp_got_government_told,"[('amp', 0.047871051928926656), ('got', 0.030117048347846245), ('government', 0.02927821462129216), ('told', 0.02664566624615783), ('people', 0.02446219280858257), ('covid', 0.02302484490867685), ('health', 0.019913565431012827), ('need', 0.019223874570241804), ('seeing', 0.019223874570241804), ('medical', 0.019223874570241804)]",neutral
