,Topic,Count,TopicLabel,WordScore,Sentiment
0,-1,24,-1_support_health_brexit_service,"[('support', 0.051301529495322344), ('health', 0.04892981127966256), ('brexit', 0.03098174417185784), ('service', 0.02527524472859175), ('nhs', 0.02527524472859175), ('national', 0.02527524472859175), ('health service', 0.02527524472859175), ('credit', 0.022284617557723974), ('credit line', 0.022284617557723974), ('national health', 0.022284617557723974)]",negative
