,Topic,Count,TopicLabel,WordScore,Sentiment
0,-1,17,-1_migrant_covid19_migrants_people,"[('migrant', 0.03391543303711957), ('covid19', 0.03391543303711957), ('migrants', 0.02996099764242895), ('people', 0.025846169068776292), ('say', 0.021538093262401307), ('charity', 0.021538093262401307), ('amidst covid19', 0.016987047723928374), ('covid', 0.016987047723928374), ('amidst covid19 saga', 0.016987047723928374), ('amidst', 0.016987047723928374)]",negative
