,Topic,Count,TopicLabel,WordScore,Sentiment
0,-1,35,-1_support_health_covid19_one,"[('support', 0.04110935293950023), ('health', 0.030917066941806057), ('covid19', 0.030917066941806057), ('one', 0.02352901658067601), ('supporting', 0.019591031351613008), ('amp', 0.019591031351613008), ('president', 0.01543633340163156), ('ecgs', 0.01543633340163156), ('serbia', 0.01543633340163156), ('hospital', 0.013256294244042177)]",negative
