,Topic,Count,TopicLabel,WordScore,Sentiment
0,-1,11,-1_healthcare_us_2pm_healthcare system,"[('healthcare', 0.047267705965676005), ('us', 0.03427508885537541), ('2pm', 0.03427508885537541), ('healthcare system', 0.027180410095689417), ('join us', 0.027180410095689417), ('refugees', 0.027180410095689417), ('forced migrants', 0.027180410095689417), ('services', 0.027180410095689417), ('webinar', 0.027180410095689417), ('services forced', 0.027180410095689417)]",positive
