,Topic,Count,TopicLabel,WordScore,Sentiment
0,-1,19,-1_critical_lightroompreset lightroomph_ootd_lightroomcc presets,"[('critical', 0.037192974856118964), ('lightroompreset lightroomph', 0.03340719547606837), ('ootd', 0.03340719547606837), ('lightroomcc presets', 0.03340719547606837), ('lightroomph', 0.03340719547606837), ('sele', 0.03340719547606837), ('sele lightroompreset', 0.03340719547606837), ('sele lightroompreset lightroomph', 0.03340719547606837), ('explorerdream lockdown covid19', 0.03340719547606837), ('explorerdream lockdown', 0.03340719547606837)]",neutral
1,0,124,0_reward_singapore_amp_bonus,"[('reward', 0.01617097486564902), ('singapore', 0.015984963478728378), ('amp', 0.012616182264030735), ('bonus', 0.012097420325365808), ('allowance', 0.011652062804228452), ('like', 0.011425341418401042), ('discount', 0.011109262003926817), ('good', 0.010449838245720731), ('need', 0.010026480013683605), ('get', 0.008828000514406716)]",neutral
2,1,71,1_travel_covid19_singapore_covid,"[('travel', 0.04422112455215663), ('covid19', 0.030061248699941603), ('singapore', 0.025821804420053558), ('covid', 0.024806356218434005), ('many', 0.012272935694756567), ('vaccination', 0.011693861090133473), ('take', 0.011647442682337573), ('travelling', 0.011465853391967058), ('may', 0.011391590183437487), ('amp', 0.011197769036592052)]",neutral
3,2,13,2_allowance_think_doctors_health,"[('allowance', 0.1139757851589999), ('think', 0.06328075447499915), ('doctors', 0.057023066285799055), ('health', 0.053080639338686064), ('please', 0.04664722164764638), ('deserve critical allowance', 0.03430436089852279), ('issue astro pays', 0.03430436089852279), ('junior doctors', 0.03430436089852279), ('junior', 0.03430436089852279), ('medical fuel', 0.03430436089852279)]",neutral
