Unnamed: 0,Topic,Count,TopicLabel,WordScore,Sentiment,TopicWords
0,-1,13,-1_amp_zambia_help_family,"[('amp', 0.033323133093567804), ('zambia', 0.029564122631113098), ('help', 0.028147919763789064), ('family', 0.026361920491472127), ('dont', 0.026232863348129635), ('need', 0.025961685710654846), ('health', 0.025331323049548972), ('im', 0.023651298104890483), ('still', 0.022905539384321487), ('free', 0.01773847357866786)]",neutral,"['amp', 'zambia', 'help', 'family', 'dont', 'need', 'health', 'im', 'still', 'free ']"
1,0,65,0_health_mental health_mental_appreciate,"[('health', 0.05081919207367837), ('mental health', 0.034663812334493165), ('mental', 0.034663812334493165), ('appreciate', 0.028664550476553845), ('help', 0.026632916034047906), ('good', 0.017838351572725734), ('girls', 0.017667091391228556), ('dont', 0.015676379103409462), ('need', 0.015514327275783682), ('people', 0.01426214190032335)]",neutral,"['health', 'mental health', 'mental', 'appreciate', 'help', 'good', 'girls', 'dont', 'need', 'people ']"
2,1,37,1_covid19_amp_health_pf,"[('covid19', 0.05262272919740721), ('amp', 0.03577218263417941), ('health', 0.016833775954269978), ('pf', 0.01607592585594503), ('leadership', 0.01414968142042269), ('review', 0.01414968142042269), ('show', 0.01414968142042269), ('el', 0.01414968142042269), ('could', 0.013779365019381457), ('countries', 0.012156565767990719)]",neutral,"['covid', 'amp', 'health', 'pf', 'leadership', 'review', 'show', 'el', 'could', 'countries ']"
3,2,35,2_health_care_health care_medical,"[('health', 0.03174431622664998), ('care', 0.01993891568062083), ('health care', 0.0187665519837333), ('medical', 0.017944876225009808), ('job', 0.01760064621288025), ('children', 0.016517912206681903), ('smaller', 0.016517912206681903), ('seen', 0.016085615986057112), ('part', 0.015381322478579837), ('appreciate', 0.014025874980018399)]",neutral,"['health', 'care', 'health care', 'medical', 'job', 'children', 'smaller', 'seen', 'part', 'appreciate ']"
