,Topic,Count,TopicLabel,WordScore,Sentiment
0,-1,3,-1_teachers_need_nurses_carers,"[('teachers', 0.1624259202773561), ('need', 0.14469835832790173), ('nurses', 0.1343471793806548), ('carers', 0.12011744888670597), ('needed nurses doctors', 0.12011744888670597), ('carers many others', 0.12011744888670597), ('carers many', 0.12011744888670597), ('granted needed', 0.12011744888670597), ('granted needed nurses', 0.12011744888670597), ('nurses doctors', 0.12011744888670597)]",neutral
1,0,96,0_health_grant_us_may,"[('health', 0.04294846851639351), ('grant', 0.021945492701580874), ('us', 0.0200930828896224), ('may', 0.0192893595740375), ('good', 0.01752391950551755), ('take', 0.017186857407092103), ('care', 0.016861725524858602), ('granted', 0.01620427732996025), ('nigeria', 0.014223034563344089), ('covid19', 0.01268623159027726)]",neutral
2,1,15,1_nurses_nigeria_union_health,"[('nurses', 0.040973919811108796), ('nigeria', 0.03901949804694544), ('union', 0.03478024813835472), ('health', 0.032729140026951875), ('healthcare', 0.030263572327633645), ('doctors nurses', 0.02987248631565909), ('children', 0.028983540115295605), ('doctors', 0.028232280526169568), ('workers', 0.027755092484173415), ('granted', 0.025402767393678784)]",neutral
