,Topic,Count,TopicLabel,WordScore,Sentiment
0,-1,40,-1_health_travel_amp_mental,"[('health', 0.04639961857509951), ('travel', 0.018079376542029818), ('amp', 0.017434593113900686), ('mental', 0.017191202272722996), ('mental health', 0.017191202272722996), ('care', 0.01609961183757088), ('bonus', 0.01554238214847785), ('covid19', 0.014141085596052145), ('make', 0.013015940309907926), ('learn', 0.013015940309907926)]",positive
1,0,48,0_travel_message_covid19_safe,"[('travel', 0.02989939095328119), ('message', 0.022489109037921343), ('covid19', 0.021100427196730494), ('safe', 0.02001901275346707), ('covid', 0.019656708896586213), ('health', 0.018751025412864795), ('day', 0.01739351449152231), ('paris', 0.014013308927426946), ('home', 0.01317814350311572), ('happy', 0.01317814350311572)]",positive
2,1,13,1_amp_bonus_sales_join,"[('amp', 0.042884256117664055), ('bonus', 0.028087304882606398), ('sales', 0.026821742392209406), ('join', 0.025625289905352584), ('feel free', 0.01900597089412262), ('feel', 0.01900597089412262), ('town', 0.01900597089412262), ('town chef', 0.01900597089412262), ('join sales community', 0.01900597089412262), ('present', 0.01900597089412262)]",positive
