,Topic,Count,TopicLabel,WordScore,Sentiment
0,-1,25,-1_health_amp_media_covid,"[('health', 0.04059845107466454), ('amp', 0.023227256882634037), ('media', 0.02046844309141337), ('covid', 0.017608694722667947), ('get', 0.014627424609108045), ('care', 0.014627424609108045), ('sales', 0.014627424609108045), ('work', 0.014627424609108045), ('left generalhealth udemy', 0.011493475916623891), ('doctorshealthcare', 0.011493475916623891)]",neutral
